loan_id,borrower_id,application_date,loan_type,loan_amount,term_months,interest_rate,loan_status,default_flag,application_channel,disbursement_date
L200001,B100922,2025-02-19 00:00:00,Personal,128000,36,6.85,Active,0,Online,2025-02-26 00:00:00
L200002,B100662,2025-01-11 00:00:00,Home Improvement,38100,24,8.47,Active,0,Online,2025-01-13 00:00:00
L200003,B100405,2025-04-07 00:00:00,Auto,99800,36,11.98,Defaulted,1,Online,2025-04-17 00:00:00
L200004,B100677,2025-10-22 00:00:00,Education,74100,12,7.86,Active,0,Branch,2025-10-24 00:00:00
L200005,B100589,2024-05-25 00:00:00,Small Business,320900,36,7.16,Closed,0,Online,2024-06-07 00:00:00
L200006,B100558,2025-04-22 00:00:00,Education,225500,36,7.91,Active,0, Online ,2025-04-28 00:00:00
L200007,B100905,2025-10-14 00:00:00,Personal,237900,36,12.01,Closed,0,Mobile App,2025-10-25 00:00:00
L200008,B101071,2025-02-11 00:00:00,Education,138900,12,7.87,Active,0,Mobile App,2025-02-18 00:00:00
L200009,B100479,2024-10-12 00:00:00,Personal,148000,48,7.34,Closed,0,Branch,2024-10-21 00:00:00
L200010,B100487,2024-04-20 00:00:00,Personal,138800,48,6,Closed,0,Online,2024-04-24 00:00:00
L200011,B100566,2025-09-11 00:00:00,Personal,170100,12,6.37,Active,0,Branch,2025-09-19 00:00:00
L200012,B100524,2024-02-19 00:00:00,Auto,323000,72,6,Closed,0,Branch,2024-03-04 00:00:00
L200013,B100704,2024-01-14 00:00:00,Small Business,227700,24,7.85,Closed,0,Partner,2024-01-24 00:00:00
L200014,B101030,2024-05-13 00:00:00,Personal,255500,60,6,Closed,0,Online,2024-05-26 00:00:00
L200015,B100821,2025-08-10 00:00:00,Personal,255400,12,6.47,Closed,0,Mobile App,2025-08-12 00:00:00
L200016,B101168,2025-08-18 00:00:00,Small Business,334300,72,8.56,Defaulted,1,Branch,2025-08-24 00:00:00
L200017,B100858,2024-12-08 00:00:00,Personal,220200,12,6.83,Active,0,Online,2024-12-12 00:00:00
L200018,B100585,2025-10-31 00:00:00,Personal ,231400,60,6,Active,0,Mobile App,2025-11-08 00:00:00
L200019,B100686,2024-10-12 00:00:00,Personal,413700,36,9.09,Defaulted,1,Branch,2024-10-21 00:00:00
L200020,B100232,2024-11-09 00:00:00,Personal,113000,60,6,Active,0,Online,2024-11-11 00:00:00
L200021,B100270,2025-08-28 00:00:00,Small Business,98900,36,6,Closed,0,Branch,2025-09-04 00:00:00
L200022,B100940,2024-10-23 00:00:00,Personal,78500,12,6,Active,0,Mobile App,2024-10-30 00:00:00
L200023,B100874,2025-08-28 00:00:00,Auto,204600,60,7.65,Closed,0,Partner,2025-09-05 00:00:00
L200024,B100052,2025-07-22 00:00:00,Personal,49200,12,7.82,Active,0,Mobile App,2025-08-04 00:00:00
L200025,B100116,2024-06-12 00:00:00,Personal,248800,72,9.63,Active,0,Partner,2024-06-17 00:00:00
L200026,B100538,2025-05-11 00:00:00,Personal,166800,12,9.96,Active,0,Mobile App,2025-05-22 00:00:00
L200027,B100541,2025-09-01 00:00:00,Personal,398300,36,7.97,Defaulted,1,Mobile App,2025-09-14 00:00:00
L200028,B101043,2024-01-16 00:00:00,Personal,112500,60,11.16,Defaulted,1,Online,2024-01-19 00:00:00
L200029,B100815,2024-12-09 00:00:00,Home Improvement,156100,36,10.73,Defaulted,1,Online,2024-12-10 00:00:00
L200030,B100791,2024-03-18 00:00:00,Auto,394800,36,6.77, active,0,Online,2024-03-22 00:00:00
L200031,B100618,2024-12-11 00:00:00,Personal,474000,60,6.47,Closed,0,Mobile App,2024-12-14 00:00:00
L200032,B100419,2024-03-12 00:00:00,Auto,111800,60,7.04,Closed,0,Branch,2024-03-14 00:00:00
L200033,B100309,2024-09-26 00:00:00,Small Business,204400,72,7.62,Active,0,Branch,2024-10-02 00:00:00
L200034,B100864,2024-10-13 00:00:00,Small Business,221200,36,6,Closed,0,Partner,2024-10-20 00:00:00
L200035,B100186,2024-03-06 00:00:00,Home Improvement,233800,48,10.33,Defaulted,1,Branch,2024-03-16 00:00:00
L200036,B100261,2024-03-08 00:00:00,Small Business,149800,36,7.59,Defaulted,1,Partner,2024-03-15 00:00:00
L200037,B100160,2024-07-11 00:00:00,Personal,441400,36,8.64,Closed,0,Mobile App,2024-07-23 00:00:00
L200038,B100870,2024-02-24 00:00:00,Auto,48000,60,9.16,Defaulted,1,Online,2024-03-03 00:00:00
L200039,B100762,2025-01-13 00:00:00,Home Improvement,134000,36,10.6,Defaulted,1,Mobile App,2025-01-26 00:00:00
L200040,B100224,2024-06-16 00:00:00,Home Improvement,246300,36,7.04,Active,0,Mobile App,2024-06-30 00:00:00
L200041,B100180,2025-02-12 00:00:00,Auto,247900,36,7.47,Closed,0,Branch,2025-02-14 00:00:00
L200042,B999999,2025-05-22 00:00:00,Auto,464000,60,8.82,Defaulted,1,Mobile App,2025-06-05 00:00:00
L200043,B100632,2025-06-20 00:00:00,Small Business,416400,72,7.35,Active,0,Mobile App,2025-07-01 00:00:00
L200044,B100058,2025-10-04 00:00:00,Education,147400,60,7.72,Defaulted,1,Branch,2025-10-16 00:00:00
L200045,B101117,2024-04-11 00:00:00,Auto,447100,36,9.19,Active,0,Branch,2024-04-21 00:00:00
L200046,B100723,2025-02-25 00:00:00,Home Improvement,109200,60,8.06,Closed,0,Branch,2025-03-10 00:00:00
L200047,B100615,2025-04-22 00:00:00,Personal,345400,60,8.1,Defaulted,1,Branch,2025-04-28 00:00:00
L200048,B100562,2024-04-29 00:00:00,Personal,639300,12,6,Closed,0,Branch,2024-05-12 00:00:00
L200049,B100374,2024-10-17 00:00:00,Personal,421300,24,10.74,Defaulted,1,Mobile App,2024-10-23 00:00:00
L200050,B100622,2025-05-02 00:00:00,Auto,193800,12,6.52,Closed,0,Online,2025-05-12 00:00:00
L200051,B100088,2024-06-09 00:00:00,Personal,142700,36,9.16,Active,0,Mobile App,2024-06-21 00:00:00
L200052,B101044,2025-11-03 00:00:00,Education,61700,60,9.56,Active,0,Online,2025-11-04 00:00:00
L200053,B101014,2024-03-18 00:00:00,Personal,223700,36,6,Active,0,Online,2024-03-20 00:00:00
L200054,B100014,2024-02-07 00:00:00,Auto,82500,36,6.02,Active,0,Online,2024-02-20 00:00:00
L200055,B100133,2025-01-28 00:00:00,Personal,103300,72,9.76,Defaulted,1,Mobile App,2025-02-06 00:00:00
L200056,B101058,2025-03-16 00:00:00,Personal,78200,60,8.46,Active,0,Online,2025-03-24 00:00:00
L200057,B100892,2025-06-23 00:00:00,Small Business,130400,60,7.22,Active,0,Online,2025-07-05 00:00:00
L200058,B100592,2025-04-06 00:00:00,Home Improvement,176500,36,6,Closed,0,Mobile App,2025-04-19 00:00:00
L200059,B100583,2025-09-03 00:00:00,Small Business,218000,24,7.01,Active,0,Online,2025-09-07 00:00:00
L200060,B101179,2024-10-20 00:00:00,Small Business,118200,12,8.14,Defaulted,1,Branch,2024-10-26 00:00:00
L200061,B101102,2025-02-03 00:00:00,Personal,380500,24,6.73,Closed,0,Online,2025-02-05 00:00:00
L200062,B101196,2025-09-27 00:00:00,Personal,155600,36,6,Active,0,Mobile App,2025-10-09 00:00:00
L200063,B100289,2024-04-01 00:00:00,Education,103700,48,8.38,Closed,0,Branch,2024-04-06 00:00:00
L200064,B101013,2025-08-31 00:00:00,Small Business,210900,12,6,Closed,0,Online,2025-09-02 00:00:00
L200065,B100879,2024-01-06 00:00:00,Home Improvement,711500,24,6.07,Closed,0,Online,2024-01-19 00:00:00
L200066,B100007,2025-11-11 00:00:00,Education,227600,24,6,Active,0,Partner,2025-11-16 00:00:00
L200067,B101184,2024-09-27 00:00:00,Education,139600,60,6,Active,0,Online,2024-10-04 00:00:00
L200068,B100240,2025-09-11 00:00:00,Personal,61800,60,8.02,Defaulted,1,Online,2025-09-18 00:00:00
L200069,B100536,2025-07-12 00:00:00,Auto,154400,48,10.19,Defaulted,1,Online,2025-07-21 00:00:00
L200070,B100070,2024-04-08 00:00:00,Education,212200,36,6,Closed,0,Online,2024-04-11 00:00:00
L200071,B100216,2025-06-09 00:00:00,Home Improvement,137200,36,8.46,Defaulted,1,Mobile App,2025-06-21 00:00:00
L200072,B101128,2024-07-12 00:00:00,Personal,56100,24,7.71,Defaulted,1,Online,2024-07-16 00:00:00
L200073,B101078,2024-06-05 00:00:00,Personal,99200,36,6.97,Closed,0,Mobile App,2024-06-14 00:00:00
L200074,B100806,2025-10-27 00:00:00,Personal,498300,72,6,Closed,0,Mobile App,2025-11-10 00:00:00
L200075,B100330,2024-04-24 00:00:00,Personal,491200,84,9,Active,0,Partner,2024-05-02 00:00:00
L200076,B100848,2025-01-30 00:00:00,Small Business,96800,60,9.22,Active,0,Online,2025-02-11 00:00:00
L200077,B100045,2025-10-18 00:00:00,Personal,288300,72,9.82,Active,0,Partner,2025-10-25 00:00:00
L200078,B100829,2025-06-05 00:00:00,Personal,78900,60,7.53,Closed,0,Branch,2025-06-13 00:00:00
L200079,B100198,2024-08-01 00:00:00,Personal,481100,12,9.61,Active,0,Mobile App,2024-08-10 00:00:00
L200080,B100896,2025-11-13 00:00:00,Home Improvement,213700,84,8.59,Closed,0,Online,2025-11-25 00:00:00
L200081,B100332,2025-06-16 00:00:00,Auto,349900,24,7.22,Active,0,Mobile App,2025-06-20 00:00:00
L200082,B100696,2024-01-15 00:00:00,Personal,54200,60,6,Closed,0,Online,2024-01-20 00:00:00
L200083,B100027,2025-02-22 00:00:00,Personal,289300,36,6,Active,0,Mobile App,2025-03-03 00:00:00
L200084,B101190,2025-01-02 00:00:00,Personal,179000,36,10.3,Defaulted,1,Partner,2025-01-09 00:00:00
L200085,B100318,2025-09-29 00:00:00,Auto,326800,60,8.94,Closed,0,Mobile App,2025-10-13 00:00:00
L200086,B100365,2024-07-31 00:00:00,Personal,341500,36,7.15,Active,0,Mobile App,2024-08-04 00:00:00
L200087,B101127,2025-11-30 00:00:00,Small Business,188500,36,6,Closed,0,Branch,2025-12-06 00:00:00
L200088,B100960,2025-11-14 00:00:00,Auto,118200,36,6,Closed,0,Branch,2025-11-25 00:00:00
L200089,B100373,2024-01-05 00:00:00,Personal,310700,36,6,Closed,0,Partner,2024-01-06 00:00:00
L200090,B100245,2024-08-18 00:00:00,Home Improvement,172600,84,10.02,Active,0,Mobile App,2024-08-19 00:00:00
L200091,B101193,2024-07-19 00:00:00,Personal,97700,60,10.21,Active,0,Online,2024-07-28 00:00:00
L200092,B100478,2025-02-05 00:00:00,Home Improvement,94500,36,6,Closed,0,Online,2025-02-13 00:00:00
L200093,B100125,2024-05-28 00:00:00,Personal,64000,24,7.28,Closed,0,Branch,2024-06-10 00:00:00
L200094,B100537,2025-08-06 00:00:00,Auto,125900,60,7.09,Active,0,Online,2025-08-07 00:00:00
L200095,B100706,2025-05-06 00:00:00,Home Improvement,389500,24,6,Closed,0,Online,2025-05-19 00:00:00
L200096,B100531,2024-08-13 00:00:00,Small Business,203900,36,7.7,Active,0,Branch,2024-08-24 00:00:00
L200097,B100786,2025-08-08 00:00:00,Personal,124200,36,6.23,Closed,0,Branch,2025-08-10 00:00:00
L200098,B100254,2024-06-17 00:00:00,Personal,316200,72,9.05,Active,0,Online,2024-06-30 00:00:00
L200099,B100121,2024-05-31 00:00:00,Auto,100500,24,7.59,Defaulted,1,Online,2024-06-04 00:00:00
L200100,B101056,2024-08-11 00:00:00,Small Business,192400,24,6,Active,0,Branch,2024-08-12 00:00:00
L200101,B100661,2025-05-18 00:00:00,Small Business,158700,48,9.33,Active,0,mobile app,2025-05-20 00:00:00
L200102,B101061,2025-07-03 00:00:00,Personal,310600,36,7.34,Active,0,Partner,2025-07-08 00:00:00
L200103,B101037,2024-02-13 00:00:00,Personal,59700,48,6.74,Active,0,Online,2024-02-21 00:00:00
L200104,B100088,2025-11-27 00:00:00,Auto,99300,36,7.59,Active,0,Mobile App,2025-12-03 00:00:00
L200105,B100046,2025-05-18 00:00:00,Personal,57200,36,6,Active,0,Partner,2025-05-24 00:00:00
L200106,B101143,2024-08-28 00:00:00,Personal,150100,24,8.55,Closed,0,Branch,2024-09-01 00:00:00
L200107,B100933,2024-12-16 00:00:00,Personal,420300,24,6.78,Active,0,Branch,2024-12-18 00:00:00
L200108,B100745,2025-12-22 00:00:00,Home Improvement,126400,60,7.97,Active,0,Online,2025-12-25 00:00:00
L200109,B100967,2024-01-23 00:00:00,Small Business,125900,72,8.89,Closed,0,Online,2024-02-05 00:00:00
L200110,B100763,2025-09-27 00:00:00,Small Business,331300,36,9.12,Closed,0,Online,2025-10-03 00:00:00
L200111,B100762,2025-08-20 00:00:00,Personal,380300,24,10.25,Closed,0,Online,2025-08-26 00:00:00
L200112,B100794,2024-02-12 00:00:00,Auto,169200,12,7.48,Active,0,Online,2024-02-17 00:00:00
L200113,B100744,2025-04-10 00:00:00,Education,290700,60,6,Closed,0,Branch,2025-04-16 00:00:00
L200114,B101070,2024-02-09 00:00:00,Personal,84700,60,9.34,Closed,0,Partner,2024-02-20 00:00:00
L200115,B100558,2024-10-29 00:00:00,Home Improvement,472300,36,9.45,Defaulted,1,Branch,2024-11-04 00:00:00
L200116,B100526,2025-11-11 00:00:00,Auto,810000,60,6.97,Closed,0,Partner,2025-11-24 00:00:00
L200117,B100597,2024-06-23 00:00:00,Personal,259300,60,10.09,Active,0,Branch,2024-06-24 00:00:00
L200118,B100840,2025-06-15 00:00:00,Auto,41800,72,9.22,Active,0,Branch,2025-06-21 00:00:00
L200119,B100003,2025-04-05 00:00:00,Personal,121800,12,12.04,Defaulted,1,Branch,2025-04-10 00:00:00
L200120,B101052,2025-09-12 00:00:00,Home Improvement,276400,24,6,Closed,0,Partner,2025-09-20 00:00:00
L200121,B100157,2024-07-11 00:00:00,Personal,134000,12,9.58,Active,0,Branch,2024-07-20 00:00:00
L200122,B100855,2024-08-31 00:00:00,Personal,438600,60,6,Active,0,Online,2024-09-14 00:00:00
L200123,B100511,2024-10-06 00:00:00,Personal,271700,60,10.32,Defaulted,1,Mobile App,2024-10-12 00:00:00
L200124,B100687,2024-02-05 00:00:00,Education,109800,48,7.6,Defaulted,1,Mobile App,2024-02-18 00:00:00
L200125,B101138,2025-07-10 00:00:00,Auto,184100,24,6,Active,0,Online,2025-07-22 00:00:00
L200126,B100571,2025-06-23 00:00:00,Auto,96300,36,7.57,Active,0,Partner,2025-07-05 00:00:00
L200127,B100715,2024-06-02 00:00:00,Auto,158400,36,7.19,Active,0,Mobile App,2024-06-12 00:00:00
L200128,B100239,2024-01-23 00:00:00,Auto,122100,48,7.52,Closed,0,Online,2024-01-27 00:00:00
L200129,B100303,2025-12-19 00:00:00,Personal,409600,36,9,Active,0,Online,2025-12-22 00:00:00
L200130,B100607,2024-03-31 00:00:00,Home Improvement,791700,12,6.03,Defaulted,1,Partner,2024-04-10 00:00:00
L200131,B100991,2025-01-24 00:00:00,Personal,66100,60,6.21,Active,0,Partner,2025-02-05 00:00:00
L200132,B100334,2024-12-24 00:00:00,Personal,46800,36,6.43,Active,0,Online,2024-12-25 00:00:00
L200133,B100113,2025-07-03 00:00:00,Home Improvement,151600,36,6.95,Active,0,Mobile App,2025-07-10 00:00:00
L200134,B100362,2024-08-15 00:00:00,Personal,62200,24,9.52,Active,0,Online,2024-08-20 00:00:00
L200135,B100801,2024-07-20 00:00:00,Personal,185900,60,7.63,Closed,0,Online,2024-07-24 00:00:00
L200136,B100097,2024-12-15 00:00:00,Auto,304100,48,6,Active,0,Branch,2024-12-24 00:00:00
L200137,B100016,2024-02-07 00:00:00,Auto,512300,72,6.04,Active,0,Branch,2024-02-14 00:00:00
L200138,B100556,2025-05-14 00:00:00,Home Improvement,207300,48,6,Active,0,Mobile App,2025-05-24 00:00:00
L200139,B100376,2025-11-29 00:00:00,Home Improvement,157200,72,6,Closed,0,Online,2025-12-12 00:00:00
L200140,B100742,2024-02-12 00:00:00,Home Improvement,45100,72,6,Closed,0,Branch,2024-02-20 00:00:00
L200141,B100390,2025-09-17 00:00:00,Home Improvement,183300,48,6,Active,0,Online,2025-09-21 00:00:00
L200142,B100620,2025-05-31 00:00:00,Personal,189200,72,6.24,Active,0,Online,2025-06-10 00:00:00
L200143,B100824,2024-03-08 00:00:00,Personal,281500,36,6,Closed,0,Partner,2024-03-20 00:00:00
L200144,B100320,2024-05-02 00:00:00,Auto,109600,36,7.6,Active,0,Mobile App,2024-05-12 00:00:00
L200145,B100196,2025-11-15 00:00:00,Personal,132700,12,8.34,Defaulted,1,Online,2025-11-23 00:00:00
L200146,B100418,2024-12-01 00:00:00,Small Business,64000,48,6,Active,0,Partner,2024-12-05 00:00:00
L200147,B100607,2024-06-01 00:00:00,Education,36200,60,6,Active,0,Online,2024-06-02 00:00:00
L200148,B100568,2025-10-30 00:00:00,Personal,82800,60,6,Closed,0,Mobile App,2025-11-10 00:00:00
L200149,B100544,2024-06-10 00:00:00,Personal,60000,24,7.22,Closed,0,Partner,2024-06-18 00:00:00
L200150,B100231,2024-08-01 00:00:00,Personal,227800,36,9.18,Defaulted,1,Online,2024-08-02 00:00:00
L200151,B100884,2025-01-10 00:00:00,Personal,125200,24,6,Active,0,Mobile App,2025-01-23 00:00:00
L200152,B100521,2025-03-18 00:00:00,Personal,123500,60,9.16,Active,0,Online,2025-03-30 00:00:00
L200153,B100703,2025-02-26 00:00:00,Auto,90400,24,6.05,Active,0,Online,2025-03-01 00:00:00
L200154,B100846,2025-06-21 00:00:00,Education,20000,72,6,Closed,0,Online,2025-06-28 00:00:00
L200155,B100673,2025-12-01 00:00:00,Home Improvement,517400,36,8.06,Closed,0,Partner,2025-12-04 00:00:00
L200156,B100021,2025-09-25 00:00:00,Personal,89400,36,7.33,Active,0,Online,2025-10-08 00:00:00
L200157,B100588,2024-08-17 00:00:00,Auto,134900,60,9.88,Active,0,Partner,2024-08-25 00:00:00
L200158,B100898,2024-02-28 00:00:00,Auto,65000,36,8.59,Defaulted,1,Partner,2024-03-04 00:00:00
L200159,B100371,2024-04-05 00:00:00,Education,355400,12,6,Closed,0,Online,2024-04-08 00:00:00
L200160,B100078,2024-09-18 00:00:00,Education,199000,48,11.97,Defaulted,1,Online,2024-09-23 00:00:00
L200161,B100648,2024-12-19 00:00:00,Small Business,100900,24,8.84,Active,0,Online,2024-12-24 00:00:00
L200162,B100140,2024-11-07 00:00:00,Auto,136800,84,7.62,Active,0,Online,2024-11-15 00:00:00
L200163,B100553,2024-05-15 00:00:00,Home Improvement,582700,48,9.3,Defaulted,1,Branch,2024-05-27 00:00:00
L200164,B100998,2025-04-17 00:00:00,Personal,171000,36,7.53,Defaulted,1,Partner,2025-04-26 00:00:00
L200165,B100282,2025-09-23 00:00:00,Auto,158500,48,7.33,Closed,0,Mobile App,2025-09-29 00:00:00
L200166,B100440,2025-03-05 00:00:00,Personal,93100,12,8.45,Closed,0,Online,2025-03-15 00:00:00
L200167,B100270,2025-06-20 00:00:00,Auto,47800,60,6,Closed,0,Online,2025-06-23 00:00:00
L200168,B101158,2024-05-25 00:00:00,Home Improvement,160900,72,6.69,Active,0,Branch,2024-05-27 00:00:00
L200169,B100746,2025-06-07 00:00:00,Personal,226100,60,6.13,Active,0,Online,2025-06-18 00:00:00
L200170,B100104,2024-03-27 00:00:00,Personal,388600,36,6.31,Active,0,Partner,2024-03-30 00:00:00
L200171,B100766,2024-04-18 00:00:00,Personal,37300,36,6,Closed,0,Mobile App,2024-04-27 00:00:00
L200172,B100095,2025-02-26 00:00:00,Personal,81900,12,8.99,Active,0,Online,2025-03-05 00:00:00
L200173,B100729,2024-12-10 00:00:00,Personal,119900,60,6.07,Closed,0,Online,2024-12-21 00:00:00
L200174,B100480,2024-09-22 00:00:00,Personal,179600,48,9.14,Active,0,Mobile App,2024-10-03 00:00:00
L200175,B100780,2025-08-08 00:00:00,Personal,162600,36,7.85,Active,0,Online,2025-08-17 00:00:00
L200176,B100013,2025-05-08 00:00:00,Personal,165300,72,6,Closed,0,Branch,2025-05-21 00:00:00
L200177,B101171,2024-11-28 00:00:00,Small Business,239500,24,7.7,Closed,0,Online,2024-12-04 00:00:00
L200178,B100601,2025-02-16 00:00:00,Personal,95600,12,8.24,Active,0,Online,2025-02-24 00:00:00
L200179,B100095,2025-09-05 00:00:00,Personal,346100,12,9.23,Active,0,Branch,2025-09-15 00:00:00
L200180,B100293,2025-10-10 00:00:00,Auto,243800,36,7.15,Closed,0,Branch,2025-10-21 00:00:00
L200181,B100025,2024-07-09 00:00:00,Education,143900,12,10,Closed,0,Branch,2024-07-18 00:00:00
L200182,B101190,2024-05-21 00:00:00,Home Improvement,552000,48,10.07,Defaulted,1,Online,2024-05-24 00:00:00
L200183,B100939,2024-03-13 00:00:00,Personal,535100,36,8.53,Active,0,Online,2024-03-20 00:00:00
L200184,B100762,2024-06-15 00:00:00,Auto,345800,24,8.6,Active,0,Online,2024-06-24 00:00:00
L200185,B101111,2024-06-16 00:00:00,Home Improvement,21800,60,7.5,Active,0,Online,2024-06-18 00:00:00
L200186,B100654,2025-07-19 00:00:00,Home Improvement,543600,36,9.66,Defaulted,1,Mobile App,2025-07-31 00:00:00
L200187,B100985,2024-09-15 00:00:00,Home Improvement,314000,60,6,Active,0,Branch,2024-09-22 00:00:00
L200188,B100638,2025-03-14 00:00:00,Education,733200,36,6,Active,0,Online,2025-03-19 00:00:00
L200189,B100491,2024-04-20 00:00:00,Education,428000,48,7.11,Active,0,Partner,2024-04-28 00:00:00
L200190,B101165,2025-11-03 00:00:00,Auto,543400,72,6,Active,0,Online,2025-11-07 00:00:00
L200191,B101127,2025-06-14 00:00:00,Auto,333000,12,6,Active,0,Mobile App,2025-06-15 00:00:00
L200192,B100575,2024-10-16 00:00:00,Home Improvement,462700,48,9.22,Active,0,Online,2024-10-27 00:00:00
L200193,B100294,2025-07-15 00:00:00,Education,726900,60,8.28,Defaulted,1,Branch,2025-07-28 00:00:00
L200194,B100896,2025-05-24 00:00:00,Personal,209500,48,8.38,Active,0,Online,2025-06-03 00:00:00
L200195,B100040,2024-06-23 00:00:00,Small Business,59900,36,8.15,Active,0,Online,2024-07-01 00:00:00
L200196,B100776,2024-10-28 00:00:00,Personal,145100,36,8.36,Active,0,Branch,2024-11-03 00:00:00
L200197,B100520,2025-11-26 00:00:00,Auto,236500,60,10.13,Active,0,Online,2025-12-09 00:00:00
L200198,B100546,2024-07-03 00:00:00,Education,189700,72,7.51,Active,0,Partner,2024-07-11 00:00:00
L200199,B100236,2024-12-04 00:00:00,Personal,75200,12,6,Active,0,Branch,2024-12-07 00:00:00
L200200,B100463,2025-05-24 00:00:00,Auto,57500,12,9.73,Defaulted,1,Online,2025-06-01 00:00:00
L200201,B100483,2024-11-05 00:00:00,Personal,107100,36,10.73,Defaulted,1,Online,2024-11-13 00:00:00
L200202,B100430,2025-05-21 00:00:00,Auto,316800,36,7.22,Closed,0,Mobile App,2025-06-02 00:00:00
L200203,B101046,2024-12-11 00:00:00,Personal,544100,36,8.3,Active,0,Mobile App,2024-12-12 00:00:00
L200204,B100343,2024-03-21 00:00:00,Personal,341900,36,6,Closed,0,Mobile App,2024-03-25 00:00:00
L200205,B101064,2025-01-08 00:00:00,Personal,377300,24,8.86,Active,0,Online,2025-01-15 00:00:00
L200206,B101197,2024-06-04 00:00:00,Small Business,170100,24,7.91,Defaulted,1,Branch,2024-06-17 00:00:00
L200207,B100133,2025-03-07 00:00:00,Small Business,53200,72,7.89,Active,0,Online,2025-03-21 00:00:00
L200208,B100351,2025-05-14 00:00:00,Personal,130900,24,7.57,Active,0,Mobile App,2025-05-25 00:00:00
L200209,B100506,2024-05-26 00:00:00,Home Improvement,150200,36,6,Active,0,Mobile App,2024-05-27 00:00:00
L200210,B100084,2025-04-25 00:00:00,Personal,127100,36,7.87,Closed,0,Partner,2025-04-28 00:00:00
L200211,B100993,2025-03-10 00:00:00,Personal,187000,72,12,Closed,0,Online,2025-03-13 00:00:00
L200212,B100830,2025-06-02 00:00:00,Personal,245200,60,6.52,Active,0,Online,2025-06-08 00:00:00
L200213,B100861,2025-10-30 00:00:00,Small Business,327000,60,8.31,Defaulted,1,Online,2025-11-04 00:00:00
L200214,B100343,2025-11-13 00:00:00,Small Business,148200,24,6,Active,0,Branch,2025-11-25 00:00:00
L200215,B100866,2024-03-09 00:00:00,Personal,47500,60,6,Active,0,Online,2024-03-20 00:00:00
L200216,B101190,2025-08-28 00:00:00,Personal,128400,36,8.74,Closed,0,Online,2025-09-04 00:00:00
L200217,B100293,2024-07-04 00:00:00,Personal,185600,36,6.75,Closed,0,Partner,2024-07-07 00:00:00
L200218,B101194,2025-11-12 00:00:00,Auto,423700,48,7.49,Closed,0,Online,2025-11-23 00:00:00
L200219,B100598,2024-07-22 00:00:00,Auto,121000,60,8.45,Closed,0,Partner,2024-07-23 00:00:00
L200220,B100645,2025-07-07 00:00:00,Personal,257700,60,7.89,Active,0,Online,2025-07-18 00:00:00
L200221,B100448,2024-01-13 00:00:00,Home Improvement,220500,72,9.29,Defaulted,1,Branch,2024-01-16 00:00:00
L200222,B100690,2025-10-27 00:00:00,Personal,185600,72,6.08,Active,0,Branch,2025-11-04 00:00:00
L200223,B101002,2024-09-30 00:00:00,Small Business,345300,36,7.88,Active,0,Branch,2024-10-05 00:00:00
L200224,B100855,2024-10-24 00:00:00,Home Improvement,113300,36,6,Closed,0,Online,2024-10-27 00:00:00
L200225,B100502,2024-02-20 00:00:00,Auto,120300,12,10.86,Defaulted,1,Branch,2024-03-05 00:00:00
L200226,B100764,2025-05-14 00:00:00,Education,178500,60,13.33,Defaulted,1,Online,2025-05-22 00:00:00
L200227,B100735,2025-01-03 00:00:00,Education,115000,24,10.58,Closed,0,Partner,2025-01-09 00:00:00
L200228,B100250,2025-12-24 00:00:00,Personal,256900,60,8.08,Closed,0,Mobile App,2025-12-27 00:00:00
L200229,B100601,2025-10-17 00:00:00,Personal,109300,36,7.96,Active,0,Mobile App,2025-10-31 00:00:00
L200230,B100125,2024-12-22 00:00:00,Small Business,210900,36,6.81,Closed,0,Branch,2024-12-27 00:00:00
L200231,B100113,2024-01-03 00:00:00,Personal,167800,12,7.94,Active,0,Online,2024-01-04 00:00:00
L200232,B100981,2024-09-10 00:00:00,Personal,209200,36,6.99,Active,0,Online,2024-09-16 00:00:00
L200233,B101161,2025-04-19 00:00:00,Auto,130500,72,6,Active,0,Mobile App,2025-05-03 00:00:00
L200234,B100150,2025-05-20 00:00:00,Education,142000,12,8.91,Active,0,Branch,2025-06-01 00:00:00
L200235,B100875,2024-09-12 00:00:00,Home Improvement,192500,36,6,Active,0,Online,2024-09-25 00:00:00
L200236,B100343,2025-09-01 00:00:00,Small Business,207400,12,6,Active,0,Online,2025-09-15 00:00:00
L200237,B100580,2025-11-15 00:00:00,Auto,179500,36,6,Closed,0,Online,2025-11-24 00:00:00
L200238,B100783,2024-05-29 00:00:00,Personal,593900,24,9.07,Closed,0,Mobile App,2024-06-10 00:00:00
L200239,B100321,2025-05-02 00:00:00,Auto,90000,36,10.94,Active,0,Branch,2025-05-09 00:00:00
L200240,B100822,2024-10-05 00:00:00,Home Improvement,172100,60,8.41,Closed,0,Online,2024-10-16 00:00:00
L200241,B100532,2024-02-28 00:00:00,Personal,59800,36,10.58,Active,0,Mobile App,2024-03-12 00:00:00
L200242,B100492,2025-03-21 00:00:00,Personal,233600,36,8.04,Active,0,Online,2025-03-29 00:00:00
L200243,B100612,2024-04-22 00:00:00,Personal,82500,48,8.35,Closed,0,Online,2024-04-28 00:00:00
L200244,B100252,2025-07-22 00:00:00,Auto,148100,24,8.37,Defaulted,1,Branch,2025-08-02 00:00:00
L200245,B101101,2025-05-03 00:00:00,Small Business,138700,36,6.6,Active,0,Mobile App,2025-05-08 00:00:00
L200246,B100173,2025-02-10 00:00:00,Home Improvement,219100,48,6.22,Closed,0,Partner,2025-02-22 00:00:00
L200247,B100875,2025-01-01 00:00:00,Small Business,122200,36,6.69,Defaulted,1,Online,2025-01-07 00:00:00
L200248,B100201,2024-02-29 00:00:00,Personal,118700,60,9.32,Closed,0,Mobile App,2024-03-07 00:00:00
L200249,B100217,2024-11-24 00:00:00,Small Business,491800,48,8.85,Active,0,Online,2024-12-03 00:00:00
L200250,B100376,2025-12-28 00:00:00,Education,219700,60,6,Active,0,Branch,2026-01-05 00:00:00
L200251,B100011,2025-04-13 00:00:00,Personal,121500,72,8.27,Active,0,Branch,2025-04-18 00:00:00
L200252,B101036,2025-07-20 00:00:00,Small Business,151000,24,8.87,Active,0,Mobile App,2025-07-27 00:00:00
L200253,B100892,2025-12-20 00:00:00,Personal,569500,36,6.79,Active,0,Online,2025-12-28 00:00:00
L200254,B100435,2024-03-03 00:00:00,Small Business,152700,36,9.77,Closed,0,Mobile App,2024-03-04 00:00:00
L200255,B100818,2024-07-02 00:00:00,Small Business,111100,24,7.84,Active,0,Mobile App,2024-07-10 00:00:00
L200256,B100931,2024-11-06 00:00:00,Home Improvement,111400,60,6,Active,0,Partner,2024-11-17 00:00:00
L200257,B100691,2025-06-21 00:00:00,Auto,122600,60,9.13,Active,0,Online,2025-06-28 00:00:00
L200258,B101156,2024-06-25 00:00:00,Personal,118700,48,7.84,Active,0,Online,2024-07-06 00:00:00
L200259,B100855,2025-07-28 00:00:00,Auto,73500,48,6,Closed,0,Online,2025-08-09 00:00:00
L200260,B100784,2025-03-04 00:00:00,Personal,81900,12,6,Closed,0,Online,2025-03-16 00:00:00
L200261,B100319,2024-03-13 00:00:00,Education,100700,48,8.44,Closed,0,Mobile App,2024-03-15 00:00:00
L200262,B100844,2024-06-15 00:00:00,Home Improvement,272300,60,9.36,Defaulted,1,Branch,2024-06-17 00:00:00
L200263,B100621,2024-08-12 00:00:00,Small Business,137800,48,8.16,Active,0,Partner,2024-08-24 00:00:00
L200264,B100785,2025-07-30 00:00:00,Personal,155700,36,6.86,Active,0,Partner,2025-08-05 00:00:00
L200265,B101192,2025-08-03 00:00:00,Education,437900,60,7.26,Closed,0,Online,2025-08-06 00:00:00
L200266,B100397,2024-01-09 00:00:00,Small Business,445600,36,7.04,Closed,0,Online,2024-01-10 00:00:00
L200267,B101082,2024-08-23 00:00:00,Education,147700,48,11.65,Active,0,Branch,2024-08-31 00:00:00
L200268,B100460,2025-12-10 00:00:00,Personal,115700,48,11.03,Defaulted,1,Online,2025-12-17 00:00:00
L200269,B100061,2025-11-15 00:00:00,Personal,98300,36,12.04,Closed,0,Branch,2025-11-19 00:00:00
L200270,B100369,2024-01-28 00:00:00,Personal,292300,60,10.07,Defaulted,1,Online,2024-02-11 00:00:00
L200271,B101145,2025-10-07 00:00:00,Home Improvement,156000,72,6.4,Closed,0,Branch,2025-10-08 00:00:00
L200272,B100719,2024-01-27 00:00:00,Home Improvement,137300,12,6,Active,0,Mobile App,2024-01-29 00:00:00
L200273,B100546,2025-07-03 00:00:00,Small Business,101800,72,7.21,Closed,0,Online,2025-07-12 00:00:00
L200274,B101041,2024-07-14 00:00:00,Auto,105000,48,6.81,Active,0,Branch,2024-07-18 00:00:00
L200275,B100496,2024-07-21 00:00:00,Personal,225200,60,6,Defaulted,1,Online,2024-07-24 00:00:00
L200276,B100497,2024-03-25 00:00:00,Home Improvement,71700,60,9.74,Closed,0,Partner,2024-04-02 00:00:00
L200277,B100505,2024-01-30 00:00:00,Education,361200,36,8.03,Defaulted,1,Mobile App,2024-02-03 00:00:00
L200278,B100969,2025-04-10 00:00:00,Small Business,123900,60,7.98,Closed,0,Online,2025-04-17 00:00:00
L200279,B101093,2024-04-08 00:00:00,Education,162100,24,6.4,Active,0,Mobile App,2024-04-21 00:00:00
L200280,B100161,2024-07-08 00:00:00,Auto,70600,24,7.51,Active,0,Mobile App,2024-07-22 00:00:00
L200281,B100718,2024-01-12 00:00:00,Home Improvement,178400,60,8.14,Active,0,Mobile App,2024-01-26 00:00:00
L200282,B101169,2025-08-25 00:00:00,Education,143000,60,7.86,Active,0,Branch,2025-09-08 00:00:00
L200283,B100993,2024-01-30 00:00:00,Auto,173800,72,10.76,Active,0,Mobile App,2024-02-04 00:00:00
L200284,B100269,2025-12-25 00:00:00,Personal,504300,60,6.32,Active,0,Online,2025-12-30 00:00:00
L200285,B100699,2024-02-07 00:00:00,Personal,203800,48,9.72,Closed,0,Partner,2024-02-18 00:00:00
L200286,B100865,2025-07-25 00:00:00,Personal,103200,36,6.33,Active,0,Online,2025-07-31 00:00:00
L200287,B100350,2024-10-20 00:00:00,Home Improvement,109400,84,10.65,Closed,0,Partner,2024-11-01 00:00:00
L200288,B100110,2024-12-25 00:00:00,Personal,273000,36,8.15,Closed,0,Partner,2025-01-07 00:00:00
L200289,B100407,2025-10-16 00:00:00,Personal,446800,60,6.48,Active,0,Branch,2025-10-20 00:00:00
L200290,B100650,2024-06-28 00:00:00,Personal,219300,48,7.42,Active,0,Partner,2024-06-30 00:00:00
L200291,B100051,2024-04-21 00:00:00,Auto,291500,60,11.71,Defaulted,1,Branch,2024-04-27 00:00:00
L200292,B101111,2025-03-19 00:00:00,Auto,275800,36,7.33,Closed,0,Branch,2025-04-01 00:00:00
L200293,B101092,2024-01-21 00:00:00,Home Improvement,486000,84,8.47,Active,0,Online,2024-01-26 00:00:00
L200294,B100596,2024-05-24 00:00:00,Personal,46000,48,6,Active,0,Partner,2024-05-27 00:00:00
L200295,B100979,2025-05-13 00:00:00,Personal,287200,72,7.11,Defaulted,1,Online,2025-05-17 00:00:00
L200296,B101066,2024-05-25 00:00:00,Auto,358400,12,6.45,Active,0,Online,2024-05-28 00:00:00
L200297,B100731,2025-03-16 00:00:00,Personal,70500,48,9.22,Closed,0,Mobile App,2025-03-19 00:00:00
L200298,B100057,2025-02-24 00:00:00,Personal,96800,60,6,Active,0,Partner,2025-02-28 00:00:00
L200299,B100738,2024-11-11 00:00:00,Personal,99200,60,6.08,Closed,0,Mobile App,2024-11-13 00:00:00
L200300,B100196,2024-06-14 00:00:00,Small Business,108100,72,8.09,Closed,0,Branch,2024-06-18 00:00:00
L200301,B101086,2025-10-13 00:00:00,Home Improvement,128500,12,7.36,Defaulted,1,Online,2025-10-23 00:00:00
L200302,B100112,2024-07-21 00:00:00,Personal,213300,12,8.67,Defaulted,1,Branch,2024-08-01 00:00:00
L200303,B100765,2025-05-10 00:00:00,Personal,329900,36,6,Active,0,Online,2025-05-12 00:00:00
L200304,B100711,2025-09-16 00:00:00,Small Business,383700,12,7.57,Closed,0,Branch,2025-09-30 00:00:00
L200305,B100948,2025-04-12 00:00:00,Home Improvement,100100,84,9.01,Defaulted,1,Online,2025-04-22 00:00:00
L200306,B100026,2025-12-13 00:00:00,Auto,99700,36,8.02,Active,0,Mobile App,2025-12-21 00:00:00
L200307,B100410,2025-01-19 00:00:00,Home Improvement,452200,36,6.05,Closed,0,Online,2025-01-29 00:00:00
L200308,B100758,2024-11-09 00:00:00,Home Improvement,283100,12,6,Active,0,Online,2024-11-14 00:00:00
L200309,B100531,2024-09-11 00:00:00,Home Improvement,190700,48,7.3,Active,0,Online,2024-09-24 00:00:00
L200310,B101130,2024-01-23 00:00:00,Auto,250700,36,8.81,Closed,0,Branch,2024-01-30 00:00:00
L200311,B100749,2024-12-04 00:00:00,Auto,176300,12,9.06,Defaulted,1,Online,2024-12-15 00:00:00
L200312,B100246,2025-05-07 00:00:00,Personal,259900,36,6,Active,0,Online,2025-05-11 00:00:00
L200313,B101105,2025-05-25 00:00:00,Small Business,142300,36,6.88,Closed,0,Mobile App,2025-06-04 00:00:00
L200314,B100662,2024-12-31 00:00:00,Home Improvement,217300,84,8.55,Closed,0,Online,2025-01-06 00:00:00
L200315,B100909,2025-01-06 00:00:00,Personal,62500,36,7.9,Active,0,Online,2025-01-19 00:00:00
L200316,B100396,2025-08-21 00:00:00,Small Business,111200,48,6,Closed,0,Mobile App,2025-09-02 00:00:00
L200317,B100522,2024-08-06 00:00:00,Small Business,112100,84,6,Closed,0,Mobile App,2024-08-20 00:00:00
L200318,B100926,2025-04-19 00:00:00,Small Business,138500,60,6,Active,0,Mobile App,2025-04-29 00:00:00
L200319,B100264,2025-02-26 00:00:00,Education,94100,84,7.93,Active,0,Partner,2025-03-02 00:00:00
L200320,B100790,2024-12-21 00:00:00,Small Business,123900,84,8.01,Active,0,Mobile App,2024-12-27 00:00:00
L200321,B100172,2025-04-04 00:00:00,Personal,62400,48,6,Closed,0,Online,2025-04-05 00:00:00
L200322,B100265,2025-05-17 00:00:00,Education,264300,60,6,Closed,0,Mobile App,2025-05-23 00:00:00
L200323,B101050,2024-01-27 00:00:00,Education,169900,24,8.9,Active,0,Online,2024-02-02 00:00:00
L200324,B100476,2024-08-10 00:00:00,Personal,54600,36,7.07,Closed,0,Online,2024-08-12 00:00:00
L200325,B100356,2025-11-20 00:00:00,Personal,100300,60,6.54,Closed,0,Online,2025-12-02 00:00:00
L200326,B101050,2024-05-27 00:00:00,Small Business,227800,48,9.81,Defaulted,1,Branch,2024-06-06 00:00:00
L200327,B100034,2025-02-27 00:00:00,Personal,123100,60,8.72,Closed,0,Branch,2025-03-09 00:00:00
L200328,B100264,2024-12-16 00:00:00,Education,110500,60,7.43,Active,0,Branch,2024-12-25 00:00:00
L200329,B101162,2024-07-04 00:00:00,Personal,170800,36,10.09,Closed,0,Branch,2024-07-10 00:00:00
L200330,B100816,2025-02-18 00:00:00,Personal,228900,60,8.67,Active,0,Mobile App,2025-03-02 00:00:00
L200331,B100875,2025-03-04 00:00:00,Auto,65900,36,6,Closed,0,Partner,2025-03-15 00:00:00
L200332,B100754,2024-02-10 00:00:00,Personal,264600,36,6,Closed,0,Online,2024-02-23 00:00:00
L200333,B100566,2025-01-27 00:00:00,Home Improvement,102800,60,6.31,Active,0,Mobile App,2025-02-03 00:00:00
L200334,B100462,2025-12-03 00:00:00,Auto,177800,36,6.02,Closed,0,Branch,2025-12-05 00:00:00
L200335,B101192,2024-03-19 00:00:00,Personal,175600,60,7.18,Active,0,Partner,2024-03-21 00:00:00
L200336,B100655,2025-12-17 00:00:00,Personal,124500,48,6.92,Closed,0,Online,2025-12-19 00:00:00
L200337,B100081,2025-06-27 00:00:00,Auto,87900,36,10.16,Active,0,Branch,2025-07-07 00:00:00
L200338,B100757,2025-03-25 00:00:00,Personal,147400,60,7.96,Active,0,Branch,2025-04-07 00:00:00
L200339,B100870,2025-04-18 00:00:00,Education,561500,48,8.65,Defaulted,1,Online,2025-04-29 00:00:00
L200340,B101070,2024-05-21 00:00:00,Auto,69400,36,9.78,Closed,0,Branch,2024-05-30 00:00:00
L200341,B100599,2024-09-07 00:00:00,Personal,588500,24,9.12,Defaulted,1,Online,2024-09-10 00:00:00
L200342,B100807,2024-10-20 00:00:00,Auto,150100,72,10.56,Closed,0,Branch,2024-11-02 00:00:00
L200343,B101077,2025-09-01 00:00:00,Personal,184500,12,10.08,Defaulted,1,Branch,2025-09-05 00:00:00
L200344,B100984,2024-05-15 00:00:00,Personal,84100,60,6.87,Active,0,Online,2024-05-16 00:00:00
L200345,B100704,2025-04-28 00:00:00,Personal,104900,36,9.56,Defaulted,1,Partner,2025-04-29 00:00:00
L200346,B100476,2024-11-07 00:00:00,Education,126600,60,6.68,Closed,0,Branch,2024-11-11 00:00:00
L200347,B100592,2025-07-08 00:00:00,Small Business,86600,72,6,Closed,0,Branch,2025-07-22 00:00:00
L200348,B100016,2025-09-23 00:00:00,Education,155500,24,6.75,Closed,0,Mobile App,2025-09-25 00:00:00
L200349,B100487,2024-02-15 00:00:00,Personal,135400,48,6,Active,0,Mobile App,2024-02-23 00:00:00
L200350,B100706,2024-08-23 00:00:00,Personal,657500,60,7.02,Defaulted,1,Online,2024-09-05 00:00:00
L200351,B101165,2024-02-17 00:00:00,Auto,79600,60,6,Closed,0,Mobile App,2024-02-21 00:00:00
L200352,B100620,2024-07-16 00:00:00,Home Improvement,193400,48,6.61,Defaulted,1,Online,2024-07-19 00:00:00
L200353,B101019,2024-03-24 00:00:00,Small Business,214100,60,9.89,Active,0,Branch,2024-03-27 00:00:00
L200354,B100777,2025-06-26 00:00:00,Personal,85100,60,6.79,Active,0,Online,2025-07-02 00:00:00
L200355,B100447,2024-06-09 00:00:00,Personal,291100,60,6,Closed,0,Online,2024-06-21 00:00:00
L200356,B100290,2025-03-03 00:00:00,Home Improvement,136200,60,10.36,Defaulted,1,Online,2025-03-16 00:00:00
L200357,B100209,2024-03-11 00:00:00,Education,31400,36,7.4,Closed,0,Mobile App,2024-03-17 00:00:00
L200358,B100413,2025-06-03 00:00:00,Education,285700,84,8.29,Closed,0,Branch,2025-06-09 00:00:00
L200359,B100677,2024-02-21 00:00:00,Home Improvement,82400,36,6,Active,0,Mobile App,2024-02-27 00:00:00
L200360,B100664,2024-02-14 00:00:00,Small Business,86400,12,10.75,Active,0,Online,2024-02-22 00:00:00
L200361,B100290,2024-10-19 00:00:00,Auto,291300,36,9.79,Defaulted,1,Online,2024-10-27 00:00:00
L200362,B100151,2025-04-09 00:00:00,Small Business,141200,24,11.9,Active,0,Online,2025-04-18 00:00:00
L200363,B100855,2025-07-03 00:00:00,Small Business,342200,24,6,Active,0,Mobile App,2025-07-04 00:00:00
L200364,B100608,2025-01-14 00:00:00,Education,419900,36,7.24,Active,0,Branch,2025-01-24 00:00:00
L200365,B100370,2025-04-22 00:00:00,Personal,114600,12,10.91,Defaulted,1,Mobile App,2025-04-30 00:00:00
L200366,B100705,2024-09-18 00:00:00,Personal,313600,60,7.16,Active,0,Mobile App,2024-09-23 00:00:00
L200367,B100826,2025-08-02 00:00:00,Auto,106100,12,11.08,Active,0,Branch,2025-08-05 00:00:00
L200368,B101005,2024-06-27 00:00:00,Auto,859300,36,9.37,Closed,0,Partner,2024-07-08 00:00:00
L200369,B100377,2024-12-22 00:00:00,Education,110800,24,6.3,Closed,0,Mobile App,2025-01-01 00:00:00
L200370,B100973,2025-02-22 00:00:00,Personal,369200,12,7.26,Active,0,Online,2025-02-25 00:00:00
L200371,B100118,2025-11-28 00:00:00,Personal,324900,36,6.01,Active,0,Branch,2025-12-04 00:00:00
L200372,B101029,2024-07-19 00:00:00,Home Improvement,224600,48,6.41,Defaulted,1,Online,2024-07-27 00:00:00
L200373,B100444,2024-01-13 00:00:00,Personal,112600,84,11.35,Defaulted,1,Branch,2024-01-23 00:00:00
L200374,B100755,2025-03-18 00:00:00,Personal,161900,60,8.32,Active,0,Online,2025-03-20 00:00:00
L200375,B100640,2025-12-26 00:00:00,Auto,39900,60,6.8,Active,0,Online,2026-01-07 00:00:00
L200376,B100124,2024-10-12 00:00:00,Home Improvement,210600,24,6.24,Active,0,Mobile App,2024-10-21 00:00:00
L200377,B100658,2024-09-14 00:00:00,Personal,229900,36,7.73,Active,0,Branch,2024-09-19 00:00:00
L200378,B100822,2025-07-23 00:00:00,Education,197600,12,7.46,Active,0,Mobile App,2025-07-28 00:00:00
L200379,B100664,2025-07-01 00:00:00,Auto,22500,60,9.43,Closed,0,Online,2025-07-02 00:00:00
L200380,B100360,2025-05-04 00:00:00,Small Business,74200,12,6,Closed,0,Online,2025-05-10 00:00:00
L200381,B100623,2025-05-12 00:00:00,Auto,106600,48,6.87,Closed,0,Mobile App,2025-05-25 00:00:00
L200382,B101081,2025-12-05 00:00:00,Personal,220800,36,9,Defaulted,1,Online,2025-12-16 00:00:00
L200383,B100919,2024-11-28 00:00:00,Personal,220400,36,6.06,Closed,0,Online,2024-12-09 00:00:00
L200384,B101174,2025-07-15 00:00:00,Personal,159800,84,10.55,Active,0,Online,2025-07-20 00:00:00
L200385,B100452,2024-02-01 00:00:00,Auto,280800,60,7.23,Active,0,Online,2024-02-08 00:00:00
L200386,B101186,2025-09-01 00:00:00,Personal,87800,60,6.44,Closed,0,Online,2025-09-08 00:00:00
L200387,B100120,2024-02-12 00:00:00,Auto,275900,48,8.85,Closed,0,Online,2024-02-16 00:00:00
L200388,B100582,2024-12-16 00:00:00,Auto,251000,60,6,Active,0,Mobile App,2024-12-21 00:00:00
L200389,B100099,2024-11-29 00:00:00,Personal,234500,60,9.49,Defaulted,1,Online,2024-12-09 00:00:00
L200390,B101191,2025-07-12 00:00:00,Personal,158500,72,6,Closed,0,Branch,2025-07-26 00:00:00
L200391,B100514,2024-09-26 00:00:00,Home Improvement,648400,36,7.27,Active,0,Online,2024-10-04 00:00:00
L200392,B100664,2025-02-16 00:00:00,Small Business,254200,48,12.07,Defaulted,1,Branch,2025-02-18 00:00:00
L200393,B100401,2025-07-28 00:00:00,Personal,91400,60,7.08,Defaulted,1,Online,2025-07-29 00:00:00
L200394,B100365,2024-01-19 00:00:00,Personal,214200,36,7.04,Closed,0,Online,2024-02-02 00:00:00
L200395,B100581,2024-12-12 00:00:00,Small Business,304800,60,9.75,Active,0,Online,2024-12-18 00:00:00
L200396,B100621,2025-09-04 00:00:00,Personal,119300,84,9.03,Active,0,Mobile App,2025-09-15 00:00:00
L200397,B100828,2024-02-06 00:00:00,Small Business,385800,48,6,Active,0,Branch,2024-02-20 00:00:00
L200398,B100247,2025-09-10 00:00:00,Personal,235200,36,7.39,Defaulted,1,Partner,2025-09-14 00:00:00
L200399,B100434,2024-04-01 00:00:00,Education,34900,36,8.27,Closed,0,Online,2024-04-14 00:00:00
L200400,B101117,2024-07-03 00:00:00,Personal,222000,60,8.72,Active,0,Online,2024-07-13 00:00:00
L200401,B100615,2025-12-28 00:00:00,Small Business,135500,60,7.79,Closed,0,Mobile App,2025-12-31 00:00:00
L200402,B100943,2024-01-28 00:00:00,Personal,262200,12,6.76,Active,0,Mobile App,2024-02-04 00:00:00
L200403,B100963,2025-07-01 00:00:00,Home Improvement,348600,48,6.46,Defaulted,1,Online,2025-07-09 00:00:00
L200404,B100624,2025-01-06 00:00:00,Personal,206300,12,8.72,Active,0,Mobile App,2025-01-17 00:00:00
L200405,B100321,2025-06-13 00:00:00,Personal,577500,60,9.83,Active,0,Mobile App,2025-06-25 00:00:00
L200406,B100856,2024-12-10 00:00:00,Home Improvement,158800,36,9.27,Defaulted,1,Mobile App,2024-12-14 00:00:00
L200407,B100062,2025-02-22 00:00:00,Auto,278800,36,9.21,Active,0,Branch,2025-03-06 00:00:00
L200408,B100300,2024-07-14 00:00:00,Small Business,316200,60,8.5,Active,0,Mobile App,2024-07-26 00:00:00
L200409,B100403,2024-03-18 00:00:00,Auto,168100,12,8.98,Active,0,Mobile App,2024-03-28 00:00:00
L200410,B100955,2024-06-15 00:00:00,Education,310500,24,7.9,Active,0,Mobile App,2024-06-27 00:00:00
L200411,B100253,2024-03-30 00:00:00,Auto,118700,36,6.49,Closed,0,Mobile App,2024-04-10 00:00:00
L200412,B100478,2024-09-20 00:00:00,Small Business,133900,36,6,Closed,0,Partner,2024-10-01 00:00:00
L200413,B100160,2025-04-16 00:00:00,Small Business,71800,36,8.63,Active,0,Online,2025-04-22 00:00:00
L200414,B100961,2024-07-26 00:00:00,Personal,213100,84,10.56,Defaulted,1,Branch,2024-08-08 00:00:00
L200415,B101190,2025-12-24 00:00:00,Small Business,226000,60,8.6,Closed,0,Online,2026-01-04 00:00:00
L200416,B100205,2024-09-27 00:00:00,Education,410900,72,8.44,Closed,0,Branch,2024-10-08 00:00:00
L200417,B101162,2024-09-19 00:00:00,Personal,313200,72,9.51,Closed,0,Online,2024-09-21 00:00:00
L200418,B100858,2025-05-20 00:00:00,Home Improvement,147500,36,8.72,Defaulted,1,Online,2025-05-28 00:00:00
L200419,B100760,2025-05-26 00:00:00,Personal,78900,36,7.17,Active,0,Online,2025-06-01 00:00:00
L200420,B100721,2025-12-26 00:00:00,Education,243700,36,7.21,Defaulted,1,Mobile App,2026-01-06 00:00:00
L200421,B101041,2025-07-29 00:00:00,Personal,391700,60,6,Active,0,Mobile App,2025-08-07 00:00:00
L200422,B100068,2025-06-07 00:00:00,Personal,305400,60,8.56,Defaulted,1,Online,2025-06-18 00:00:00
L200423,B100133,2025-12-22 00:00:00,Auto,384600,36,8.06,Closed,0,Partner,2026-01-04 00:00:00
L200424,B100919,2024-11-07 00:00:00,Auto,155200,36,6.34,Closed,0,Branch,2024-11-20 00:00:00
L200425,B100430,2024-06-22 00:00:00,Education,129800,48,8.13,Closed,0,Mobile App,2024-06-28 00:00:00
L200426,B100308,2025-03-06 00:00:00,Small Business,107500,48,9.83,Defaulted,1,Mobile App,2025-03-12 00:00:00
L200427,B100650,2025-04-07 00:00:00,Auto,173100,72,6.45,Closed,0,Online,2025-04-19 00:00:00
L200428,B101198,2024-04-10 00:00:00,Personal,170400,36,9.07,Active,0,Online,2024-04-12 00:00:00
L200429,B100412,2024-01-16 00:00:00,Home Improvement,208000,72,6,Active,0,Online,2024-01-21 00:00:00
L200430,B100097,2025-12-09 00:00:00,Auto,164400,36,6,Active,0,Mobile App,2025-12-18 00:00:00
L200431,B101178,2024-09-14 00:00:00,Auto,163900,60,13.45,Defaulted,1,Mobile App,2024-09-15 00:00:00
L200432,B101051,2024-08-31 00:00:00,Personal,104500,72,7.61,Active,0,Online,2024-09-04 00:00:00
L200433,B101084,2024-12-13 00:00:00,Auto,348000,72,9.31,Closed,0,Online,2024-12-23 00:00:00
L200434,B100202,2024-09-05 00:00:00,Personal,189900,12,9.37,Active,0,Branch,2024-09-15 00:00:00
L200435,B100762,2024-04-14 00:00:00,Home Improvement,159300,36,9.97,Defaulted,1,Online,2024-04-28 00:00:00
L200436,B100874,2025-11-24 00:00:00,Auto,106700,36,6.98,Closed,0,Partner,2025-11-27 00:00:00
L200437,B100581,2025-10-28 00:00:00,Education,70900,36,8.41,Active,0,Branch,2025-10-29 00:00:00
L200438,B100370,2024-10-13 00:00:00,Auto,449700,60,9.49,Active,0,Partner,2024-10-14 00:00:00
L200439,B100533,2024-06-17 00:00:00,Personal,265400,72,11.11,Defaulted,1,Mobile App,2024-06-18 00:00:00
L200440,B101176,2025-02-23 00:00:00,Education,57800,24,8.47,Defaulted,1,Partner,2025-02-24 00:00:00
L200441,B101126,2024-02-16 00:00:00,Auto,307100,36,7.33,Active,0,Branch,2024-02-29 00:00:00
L200442,B100899,2024-02-12 00:00:00,Personal,343300,24,7.27,Active,0,Branch,2024-02-14 00:00:00
L200443,B100607,2024-11-16 00:00:00,Home Improvement,196400,72,6,Active,0,Branch,2024-11-27 00:00:00
L200444,B100873,2024-08-08 00:00:00,Personal,550900,84,8.6,Active,0,Mobile App,2024-08-13 00:00:00
L200445,B101149,2025-05-27 00:00:00,Education,209500,36,7.6,Active,0,Online,2025-05-29 00:00:00
L200446,B100770,2025-12-12 00:00:00,Auto,66800,24,9.11,Closed,0,Branch,2025-12-16 00:00:00
L200447,B100834,2025-03-16 00:00:00,Home Improvement,232400,60,7.58,Closed,0,Mobile App,2025-03-25 00:00:00
L200448,B100999,2024-05-23 00:00:00,Personal,213700,60,6.76,Active,0,Online,2024-05-26 00:00:00
L200449,B100938,2024-01-28 00:00:00,Auto,118000,36,7.51,Closed,0,Branch,2024-01-30 00:00:00
L200450,B100236,2025-07-06 00:00:00,Small Business,268900,72,6,Closed,0,Online,2025-07-10 00:00:00
L200451,B100162,2025-10-20 00:00:00,Education,56000,84,6,Closed,0,Branch,2025-10-29 00:00:00
L200452,B100554,2025-11-20 00:00:00,Personal,360100,48,6.41,Active,0,Online,2025-11-24 00:00:00
L200453,B100788,2024-06-15 00:00:00,Personal,97300,48,9.8,Active,0,Online,2024-06-27 00:00:00
L200454,B101092,2025-09-26 00:00:00,Personal,90300,36,9.45,Closed,0,Mobile App,2025-10-01 00:00:00
L200455,B101197,2025-08-08 00:00:00,Home Improvement,166200,48,8.42,Defaulted,1,Mobile App,2025-08-12 00:00:00
L200456,B100559,2024-09-05 00:00:00,Home Improvement,243700,36,6,Active,0,Online,2024-09-18 00:00:00
L200457,B100261,2024-12-22 00:00:00,Home Improvement,201900,36,7.35,Closed,0,Mobile App,2024-12-30 00:00:00
L200458,B100217,2024-04-20 00:00:00,Auto,107000,12,11.89,Defaulted,1,Online,2024-05-04 00:00:00
L200459,B101148,2025-11-22 00:00:00,Education,126300,36,11.18,Active,0,Online,2025-12-05 00:00:00
L200460,B100805,2025-11-30 00:00:00,Auto,81400,24,9.04,Defaulted,1,Mobile App,2025-12-04 00:00:00
L200461,B101186,2025-12-19 00:00:00,Personal,153800,48,7.2,Closed,0,Mobile App,2025-12-21 00:00:00
L200462,B100201,2024-08-21 00:00:00,Auto,382000,60,8.08,Active,0,Online,2024-09-02 00:00:00
L200463,B100402,2024-01-24 00:00:00,Small Business,179500,60,8.26,Closed,0,Online,2024-01-28 00:00:00
L200464,B100275,2024-01-26 00:00:00,Education,328500,36,6,Active,0,Mobile App,2024-01-28 00:00:00
L200465,B100206,2025-01-15 00:00:00,Auto,498600,36,7.47,Active,0,Online,2025-01-24 00:00:00
L200466,B101064,2025-12-30 00:00:00,Home Improvement,119300,60,10.3,Defaulted,1,Mobile App,2026-01-10 00:00:00
L200467,B100867,2024-12-11 00:00:00,Small Business,158000,36,6,Active,0,Branch,2024-12-25 00:00:00
L200468,B100093,2025-01-12 00:00:00,Auto,822900,84,6,Closed,0,Mobile App,2025-01-20 00:00:00
L200469,B101066,2025-06-05 00:00:00,Personal,494700,36,6.19,Active,0,Online,2025-06-14 00:00:00
L200470,B100379,2024-01-17 00:00:00,Small Business,55800,60,6.5,Closed,0,Branch,2024-01-21 00:00:00
L200471,B101131,2024-09-01 00:00:00,Education,236000,12,6,Active,0,Online,2024-09-02 00:00:00
L200472,B100065,2025-12-18 00:00:00,Personal,180100,60,8.87,Active,0,Online,2025-12-21 00:00:00
L200473,B100365,2025-09-15 00:00:00,Auto,321000,60,7.66,Active,0,Mobile App,2025-09-22 00:00:00
L200474,B100821,2025-12-17 00:00:00,Auto,106900,72,6.32,Closed,0,Online,2025-12-18 00:00:00
L200475,B101048,2025-06-22 00:00:00,Personal,100000,84,8.64,Active,0,Mobile App,2025-07-03 00:00:00
L200476,B100540,2025-08-05 00:00:00,Small Business,112100,36,7.05,Active,0,Online,2025-08-13 00:00:00
L200477,B101086,2025-11-18 00:00:00,Auto,120600,48,6.19,Closed,0,Branch,2025-11-27 00:00:00
L200478,B100491,2024-07-20 00:00:00,Education,318500,36,6.79,Active,0,Online,2024-07-28 00:00:00
L200479,B100229,2024-09-04 00:00:00,Personal,78700,48,6.84,Active,0,Online,2024-09-09 00:00:00
L200480,B101044,2024-04-27 00:00:00,Auto,116400,24,10.83,Defaulted,1,Mobile App,2024-05-09 00:00:00
L200481,B100003,2024-01-09 00:00:00,Personal,51500,60,10.73,Closed,0,Online,2024-01-20 00:00:00
L200482,B100911,2025-08-20 00:00:00,Home Improvement,364300,72,6.23,Active,0,Partner,2025-09-03 00:00:00
L200483,B100307,2024-01-23 00:00:00,Auto,438200,36,6.18,Active,0,Mobile App,2024-02-04 00:00:00
L200484,B100432,2024-08-27 00:00:00,Home Improvement,143200,36,8.65,Closed,0,Partner,2024-09-09 00:00:00
L200485,B100136,2025-08-07 00:00:00,Personal,146100,24,8.16,Active,0,Branch,2025-08-16 00:00:00
L200486,B100515,2024-01-27 00:00:00,Personal,247200,60,6,Closed,0,Branch,2024-01-31 00:00:00
L200487,B100193,2024-03-21 00:00:00,Personal,505300,36,7.46,Active,0,Online,2024-03-30 00:00:00
L200488,B100873,2025-08-18 00:00:00,Personal,239600,72,9.57,Defaulted,1,Branch,2025-08-19 00:00:00
L200489,B101142,2024-07-17 00:00:00,Home Improvement,110500,60,6.56,Active,0,Online,2024-07-29 00:00:00
L200490,B100666,2025-07-08 00:00:00,Auto,58000,60,6,Active,0,Online,2025-07-19 00:00:00
L200491,B100209,2024-04-01 00:00:00,Home Improvement,82500,48,7.83,Closed,0,Online,2024-04-04 00:00:00
L200492,B100952,2024-03-24 00:00:00,Auto,189500,12,9.91,Defaulted,1,Mobile App,2024-03-28 00:00:00
L200493,B101058,2024-10-26 00:00:00,Personal,113800,72,7.3,Active,0,Partner,2024-11-06 00:00:00
L200494,B100649,2024-10-22 00:00:00,Personal,206300,60,9.37,Closed,0,Mobile App,2024-11-01 00:00:00
L200495,B100120,2025-10-08 00:00:00,Personal,122200,84,7.76,Active,0,Branch,2025-10-09 00:00:00
L200496,B100627,2025-03-29 00:00:00,Education,85800,48,9.47,Closed,0,Online,2025-04-10 00:00:00
L200497,B100525,2024-10-07 00:00:00,Home Improvement,79000,60,6,Closed,0,Online,2024-10-13 00:00:00
L200498,B100769,2024-02-28 00:00:00,Personal,537300,12,10.67,Defaulted,1,Branch,2024-03-12 00:00:00
L200499,B101113,2024-12-07 00:00:00,Personal,335400,60,7.85,Closed,0,Online,2024-12-11 00:00:00
L200500,B100512,2025-04-09 00:00:00,Education,604500,60,10.3,Defaulted,1,Online,2025-04-13 00:00:00
L200501,B100047,2024-12-07 00:00:00,Home Improvement,262700,60,6.42,Closed,0,Branch,2024-12-08 00:00:00
L200502,B100772,2025-09-01 00:00:00,Home Improvement,133200,60,6,Closed,0,Mobile App,2025-09-06 00:00:00
L200503,B100740,2024-03-02 00:00:00,Auto,454500,36,7.23,Closed,0,Mobile App,2024-03-11 00:00:00
L200504,B100522,2025-09-16 00:00:00,Personal,175900,84,6,Active,0,Branch,2025-09-22 00:00:00
L200505,B100134,2025-03-04 00:00:00,Small Business,210100,84,9.37,Defaulted,1,Online,2025-03-12 00:00:00
L200506,B100248,2025-10-19 00:00:00,Education,174700,12,6,Closed,0,Mobile App,2025-10-30 00:00:00
L200507,B100436,2025-12-28 00:00:00,Personal,22900,72,7.7,Closed,0,Online,2026-01-01 00:00:00
L200508,B101200,2024-09-12 00:00:00,Education,553500,36,7.08,Defaulted,1,Online,2024-09-21 00:00:00
L200509,B100686,2025-12-06 00:00:00,Home Improvement,253800,60,8.01,Active,0,Online,2025-12-13 00:00:00
L200510,B100586,2024-12-12 00:00:00,Personal,226700,36,6.87,Closed,0,Branch,2024-12-26 00:00:00
L200511,B100351,2025-06-09 00:00:00,Auto,172400,84,7.23,Active,0,Branch,2025-06-23 00:00:00
L200512,B100143,2024-10-30 00:00:00,Personal,201800,24,9.23,Defaulted,1,Mobile App,2024-11-06 00:00:00
L200513,B100967,2025-09-06 00:00:00,Personal,118500,48,10.15,Defaulted,1,Branch,2025-09-14 00:00:00
L200514,B100804,2024-09-01 00:00:00,Home Improvement,277200,36,11.15,Defaulted,1,Online,2024-09-03 00:00:00
L200515,B100718,2025-02-15 00:00:00,Personal,72100,36,8.91,Active,0,Branch,2025-02-27 00:00:00
L200516,B100643,2024-08-04 00:00:00,Education,205000,60,11.67,Defaulted,1,Mobile App,2024-08-10 00:00:00
L200517,B100501,2025-05-30 00:00:00,Small Business,266700,24,6,Active,0,Branch,2025-06-06 00:00:00
L200518,B100370,2025-04-18 00:00:00,Personal,156600,60,10.62,Defaulted,1,Online,2025-04-21 00:00:00
L200519,B101110,2024-02-05 00:00:00,Auto,233400,84,6,Active,0,Online,2024-02-13 00:00:00
L200520,B100787,2024-06-26 00:00:00,Education,89900,60,6,Active,0,Online,2024-06-27 00:00:00
L200521,B100739,2025-01-21 00:00:00,Education,91500,60,6.56,Closed,0,Online,2025-01-22 00:00:00
L200522,B100950,2024-01-17 00:00:00,Home Improvement,212400,36,6.39,Closed,0,Online,2024-01-27 00:00:00
L200523,B100522,2025-12-11 00:00:00,Personal,289400,36,6,Active,0,Mobile App,2025-12-14 00:00:00
L200524,B100489,2024-02-17 00:00:00,Auto,48500,48,11.45,Defaulted,1,Partner,2024-02-23 00:00:00
L200525,B100397,2024-03-02 00:00:00,Auto,259400,12,6.82,Active,0,Online,2024-03-09 00:00:00
L200526,B100896,2024-03-09 00:00:00,Small Business,123100,72,9.81,Defaulted,1,Branch,2024-03-11 00:00:00
L200527,B100355,2025-10-20 00:00:00,Personal,157300,24,8.91,Closed,0,Branch,2025-11-03 00:00:00
L200528,B100947,2024-12-31 00:00:00,Small Business,70500,72,7.32,Defaulted,1,Mobile App,2025-01-06 00:00:00
L200529,B100288,2024-06-10 00:00:00,Personal,99200,24,6,Active,0,Online,2024-06-22 00:00:00
L200530,B100998,2025-05-02 00:00:00,Small Business,354000,60,6,Active,0,Mobile App,2025-05-07 00:00:00
L200531,B100536,2025-03-06 00:00:00,Home Improvement,184200,24,8.86,Closed,0,Mobile App,2025-03-12 00:00:00
L200532,B100851,2025-05-03 00:00:00,Auto,137700,12,9.19,Active,0,Partner,2025-05-04 00:00:00
L200533,B100838,2024-08-17 00:00:00,Home Improvement,165900,60,6,Closed,0,Mobile App,2024-08-31 00:00:00
L200534,B100168,2025-01-04 00:00:00,Personal,253500,36,8.19,Closed,0,Mobile App,2025-01-14 00:00:00
L200535,B100950,2024-06-26 00:00:00,Personal,245000,60,8.62,Defaulted,1,Online,2024-07-03 00:00:00
L200536,B100621,2025-02-13 00:00:00,Personal,170800,48,10.57,Defaulted,1,Online,2025-02-21 00:00:00
L200537,B100428,2025-07-21 00:00:00,Personal,386800,24,7.67,Closed,0,Online,2025-08-04 00:00:00
L200538,B100490,2025-08-12 00:00:00,Personal,355100,72,6.85,Active,0,Online,2025-08-19 00:00:00
L200539,B100355,2024-09-26 00:00:00,Home Improvement,240400,36,10.91,Defaulted,1,Online,2024-10-05 00:00:00
L200540,B100196,2024-07-24 00:00:00,Home Improvement,187000,60,7.32,Active,0,Branch,2024-07-25 00:00:00
L200541,B100545,2024-03-22 00:00:00,Personal,285200,48,6,Active,0,Mobile App,2024-04-01 00:00:00
L200542,B100717,2024-07-11 00:00:00,Education,224300,60,8.78,Defaulted,1,Online,2024-07-20 00:00:00
L200543,B100824,2025-09-09 00:00:00,Home Improvement,378200,36,6,Active,0,Online,2025-09-20 00:00:00
L200544,B100932,2024-07-07 00:00:00,Small Business,337900,36,10.57,Active,0,Branch,2024-07-18 00:00:00
L200545,B101003,2024-10-02 00:00:00,Home Improvement,88300,48,9.31,Defaulted,1,Online,2024-10-15 00:00:00
L200546,B100659,2024-03-14 00:00:00,Personal,84200,36,9.34,Active,0,Branch,2024-03-17 00:00:00
L200547,B100939,2024-01-10 00:00:00,Auto,110200,36,9.8,Defaulted,1,Mobile App,2024-01-12 00:00:00
L200548,B100780,2025-09-26 00:00:00,Home Improvement,356500,60,9.07,Closed,0,Online,2025-10-02 00:00:00
L200549,B100011,2024-08-03 00:00:00,Personal,59700,60,8.34,Active,0,Branch,2024-08-14 00:00:00
L200550,B100396,2024-10-16 00:00:00,Personal,237300,12,7.48,Defaulted,1,Branch,2024-10-21 00:00:00
L200551,B100731,2025-03-20 00:00:00,Personal,232000,36,9.72,Active,0,Mobile App,2025-03-24 00:00:00
L200552,B100409,2025-07-05 00:00:00,Personal,406200,36,8.2,Defaulted,1,Branch,2025-07-09 00:00:00
L200553,B100362,2024-07-11 00:00:00,Auto,204200,24,11.4,Defaulted,1,Partner,2024-07-19 00:00:00
L200554,B101027,2025-09-30 00:00:00,Auto,70300,36,9.02,Active,0,Online,2025-10-10 00:00:00
L200555,B100084,2024-10-15 00:00:00,Personal,92000,12,8.02,Active,0,Online,2024-10-28 00:00:00
L200556,B100156,2025-08-05 00:00:00,Home Improvement,78700,84,6.58,Active,0,Mobile App,2025-08-08 00:00:00
L200557,B101200,2025-10-10 00:00:00,Auto,123500,60,6,Closed,0,Online,2025-10-23 00:00:00
L200558,B100707,2024-05-23 00:00:00,Personal,158400,24,9.05,Closed,0,Mobile App,2024-05-24 00:00:00
L200559,B100472,2025-01-23 00:00:00,Personal,79600,12,8.07,Active,0,Online,2025-01-28 00:00:00
L200560,B100619,2025-02-10 00:00:00,Personal,503900,60,6.27,Active,0,Partner,2025-02-18 00:00:00
L200561,B100134,2025-01-04 00:00:00,Auto,71200,36,7.07,Closed,0,Online,2025-01-07 00:00:00
L200562,B100788,2025-03-16 00:00:00,Personal,461800,60,11.22,Defaulted,1,Mobile App,2025-03-18 00:00:00
L200563,B100907,2025-10-12 00:00:00,Personal,412600,72,11.53,Defaulted,1,Branch,2025-10-13 00:00:00
L200564,B100864,2025-07-17 00:00:00,Home Improvement,337600,48,6,Defaulted,1,Online,2025-07-30 00:00:00
L200565,B100667,2025-06-12 00:00:00,Auto,110800,24,10.08,Active,0,Mobile App,2025-06-16 00:00:00
L200566,B100277,2025-11-07 00:00:00,Personal,228800,60,6,Closed,0,Mobile App,2025-11-18 00:00:00
L200567,B100882,2024-01-13 00:00:00,Personal,73600,84,6.61,Closed,0,Branch,2024-01-15 00:00:00
L200568,B100013,2025-12-02 00:00:00,Home Improvement,340600,48,6,Active,0,Online,2025-12-16 00:00:00
L200569,B100342,2024-12-05 00:00:00,Education,170900,60,6,Active,0,Online,2024-12-13 00:00:00
L200570,B100035,2024-11-07 00:00:00,Home Improvement,135200,36,8.73,Defaulted,1,Online,2024-11-18 00:00:00
L200571,B100559,2024-04-13 00:00:00,Auto,76400,36,6.12,Closed,0,Online,2024-04-26 00:00:00
L200572,B100405,2024-12-04 00:00:00,Personal,31800,60,11.39,Defaulted,1,Online,2024-12-14 00:00:00
L200573,B100658,2024-07-16 00:00:00,Personal,87000,72,10.14,Defaulted,1,Branch,2024-07-28 00:00:00
L200574,B100159,2024-10-26 00:00:00,Education,392300,60,9.03,Defaulted,1,Online,2024-11-04 00:00:00
L200575,B100956,2025-03-19 00:00:00,Personal,135800,60,9.58,Active,0,Branch,2025-04-01 00:00:00
L200576,B101134,2024-12-24 00:00:00,Small Business,159900,24,7.5,Active,0,Partner,2025-01-03 00:00:00
L200577,B100549,2025-01-02 00:00:00,Home Improvement,284800,36,6.7,Active,0,Branch,2025-01-03 00:00:00
L200578,B100985,2024-06-17 00:00:00,Home Improvement,637100,48,6,Closed,0,Partner,2024-06-19 00:00:00
L200579,B100279,2024-05-28 00:00:00,Personal,455100,24,7.25,Active,0,Online,2024-06-03 00:00:00
L200580,B100479,2024-02-11 00:00:00,Home Improvement,91100,60,6.65,Active,0,Online,2024-02-24 00:00:00
L200581,B100111,2024-07-20 00:00:00,Auto,46200,36,6.44,Closed,0,Branch,2024-07-30 00:00:00
L200582,B100431,2024-08-31 00:00:00,Personal,938900,60,6,Active,0,Online,2024-09-12 00:00:00
L200583,B100542,2025-10-30 00:00:00,Personal,881200,60,6.3,Active,0,Mobile App,2025-11-06 00:00:00
L200584,B101139,2025-04-08 00:00:00,Small Business,205400,36,8.37,Defaulted,1,Online,2025-04-10 00:00:00
L200585,B101114,2025-03-24 00:00:00,Auto,74000,24,8.74,Defaulted,1,Branch,2025-04-01 00:00:00
L200586,B100360,2025-03-12 00:00:00,Auto,353300,60,6,Closed,0,Partner,2025-03-25 00:00:00
L200587,B100372,2025-06-14 00:00:00,Personal,166900,84,6,Closed,0,Partner,2025-06-24 00:00:00
L200588,B101039,2025-07-18 00:00:00,Home Improvement,166300,60,9.56,Active,0,Online,2025-07-27 00:00:00
L200589,B100955,2025-08-19 00:00:00,Home Improvement,336700,12,7.54,Active,0,Online,2025-08-27 00:00:00
L200590,B100259,2024-09-29 00:00:00,Home Improvement,227500,12,6,Active,0,Online,2024-10-08 00:00:00
L200591,B100778,2025-03-05 00:00:00,Auto,78500,36,10.92,Defaulted,1,Online,2025-03-11 00:00:00
L200592,B100120,2024-07-31 00:00:00,Auto,143400,24,7.95,Active,0,Branch,2024-08-11 00:00:00
L200593,B100976,2024-04-13 00:00:00,Auto,285900,60,6.89,Active,0,Online,2024-04-20 00:00:00
L200594,B100913,2024-07-10 00:00:00,Personal,257300,60,7.51,Active,0,Mobile App,2024-07-16 00:00:00
L200595,B101152,2025-11-19 00:00:00,Small Business,216200,36,6,Active,0,Branch,2025-11-26 00:00:00
L200596,B100723,2025-10-20 00:00:00,Auto,346000,36,7.22,Closed,0,Online,2025-10-23 00:00:00
L200597,B100523,2025-01-14 00:00:00,Personal,139700,36,10.22,Closed,0,Mobile App,2025-01-18 00:00:00
L200598,B100325,2024-03-21 00:00:00,Auto,204000,72,6,Defaulted,1,Branch,2024-03-30 00:00:00
L200599,B101074,2025-12-05 00:00:00,Education,20000,48,6.13,Active,0,Branch,2025-12-08 00:00:00
L200600,B100069,2025-07-02 00:00:00,Personal,131400,60,6,Closed,0,Mobile App,2025-07-04 00:00:00
L200601,B100391,2025-01-11 00:00:00,Personal,307300,36,6.76,Closed,0,Online,2025-01-23 00:00:00
L200602,B100383,2024-06-02 00:00:00,Home Improvement,137000,60,7.4,Closed,0,Branch,2024-06-15 00:00:00
L200603,B100016,2025-10-03 00:00:00,Personal,129900,36,6.95,Active,0,Online,2025-10-14 00:00:00
L200604,B100846,2025-07-24 00:00:00,Education,86800,36,6.44,Closed,0,Online,2025-07-31 00:00:00
L200605,B100869,2024-08-27 00:00:00,Personal,363300,60,8.03,Active,0,Mobile App,2024-09-02 00:00:00
L200606,B100568,2025-01-08 00:00:00,Home Improvement,264200,48,6,Closed,0,Online,2025-01-11 00:00:00
L200607,B100132,2024-07-22 00:00:00,Personal,320800,36,8.29,Active,0,Online,2024-07-28 00:00:00
L200608,B100273,2025-09-02 00:00:00,Personal,53800,24,6,Closed,0,Online,2025-09-09 00:00:00
L200609,B100484,2024-12-15 00:00:00,Small Business,160900,36,7.68,Closed,0,Partner,2024-12-21 00:00:00
L200610,B100550,2025-11-18 00:00:00,Auto,148000,36,7.92,Active,0,Branch,2025-11-19 00:00:00
L200611,B100357,2024-05-22 00:00:00,Personal,147900,60,9.44,Active,0,Branch,2024-06-03 00:00:00
L200612,B101072,2024-07-07 00:00:00,Personal,116900,72,8.48,Active,0,Partner,2024-07-21 00:00:00
L200613,B101034,2024-09-28 00:00:00,Home Improvement,141300,12,6,Active,0,Partner,2024-09-29 00:00:00
L200614,B100233,2025-06-15 00:00:00,Auto,326300,36,8.22,Active,0,Branch,2025-06-24 00:00:00
L200615,B100036,2024-10-26 00:00:00,Small Business,47200,24,8.88,Active,0,Branch,2024-11-01 00:00:00
L200616,B100413,2025-03-01 00:00:00,Small Business,624600,48,8.77,Closed,0,Online,2025-03-13 00:00:00
L200617,B101028,2024-02-15 00:00:00,Home Improvement,252600,36,7.36,Active,0,Branch,2024-02-17 00:00:00
L200618,B100044,2024-04-04 00:00:00,Auto,174700,60,10.15,Defaulted,1,Mobile App,2024-04-15 00:00:00
L200619,B100568,2024-03-04 00:00:00,Auto,339600,36,6.36,Closed,0,Branch,2024-03-05 00:00:00
L200620,B100740,2025-02-16 00:00:00,Home Improvement,65100,48,7.49,Closed,0,Branch,2025-02-27 00:00:00
L200621,B100114,2025-10-04 00:00:00,Personal,113000,72,7.02,Defaulted,1,Online,2025-10-16 00:00:00
L200622,B100397,2024-01-09 00:00:00,Personal,165400,72,7.51,Defaulted,1,Partner,2024-01-11 00:00:00
L200623,B101198,2025-04-03 00:00:00,Personal,468200,84,10.94,Defaulted,1,Online,2025-04-11 00:00:00
L200624,B100466,2025-12-15 00:00:00,Personal,174200,60,9.24,Active,0,Online,2025-12-20 00:00:00
L200625,B100847,2025-02-12 00:00:00,Personal,246700,72,6.79,Closed,0,Partner,2025-02-19 00:00:00
L200626,B100502,2025-04-14 00:00:00,Auto,119100,36,10.37,Closed,0,Online,2025-04-21 00:00:00
L200627,B100441,2025-05-20 00:00:00,Education,253100,24,7.12,Closed,0,Online,2025-05-22 00:00:00
L200628,B100069,2025-11-16 00:00:00,Auto,582300,12,6,Defaulted,1,Online,2025-11-20 00:00:00
L200629,B100326,2024-03-13 00:00:00,Personal,361300,60,7.3,Active,0,Branch,2024-03-15 00:00:00
L200630,B100067,2024-03-24 00:00:00,Personal,170000,72,6.65,Closed,0,Online,2024-03-31 00:00:00
L200631,B100304,2024-02-28 00:00:00,Auto,288800,24,6,Closed,0,Online,2024-03-04 00:00:00
L200632,B100972,2024-01-21 00:00:00,Personal,269700,60,9.31,Active,0,Online,2024-01-22 00:00:00
L200633,B100484,2025-04-02 00:00:00,Home Improvement,256600,60,8.26,Closed,0,Branch,2025-04-04 00:00:00
L200634,B100929,2024-06-05 00:00:00,Small Business,392000,72,6.96,Active,0,Online,2024-06-11 00:00:00
L200635,B101183,2024-11-24 00:00:00,Personal,390000,60,7.64,Active,0,Online,2024-12-08 00:00:00
L200636,B100149,2025-07-26 00:00:00,Personal,164700,84,6.86,Closed,0,Branch,2025-07-30 00:00:00
L200637,B101051,2025-07-29 00:00:00,Auto,282100,36,9.27,Defaulted,1,Branch,2025-08-05 00:00:00
L200638,B100987,2025-11-10 00:00:00,Small Business,137700,36,11.14,Defaulted,1,Partner,2025-11-12 00:00:00
L200639,B100584,2024-07-21 00:00:00,Home Improvement,94300,48,11.17,Closed,0,Online,2024-08-03 00:00:00
L200640,B100248,2025-10-02 00:00:00,Small Business,149100,36,6.09,Defaulted,1,Branch,2025-10-14 00:00:00
L200641,B101125,2024-04-15 00:00:00,Personal,170600,12,6.55,Active,0,Mobile App,2024-04-17 00:00:00
L200642,B100702,2024-05-01 00:00:00,Small Business,56300,60,6.32,Closed,0,Branch,2024-05-13 00:00:00
L200643,B100096,2024-11-13 00:00:00,Personal,328700,60,7.18,Closed,0,Mobile App,2024-11-19 00:00:00
L200644,B100282,2024-06-30 00:00:00,Personal,25900,60,6.91,Active,0,Mobile App,2024-07-08 00:00:00
L200645,B100322,2025-09-06 00:00:00,Education,1203900,36,7.87,Active,0,Mobile App,2025-09-19 00:00:00
L200646,B100529,2024-11-11 00:00:00,Small Business,515100,48,9.56,Active,0,Mobile App,2024-11-12 00:00:00
L200647,B100263,2025-09-16 00:00:00,Personal,149900,36,7.78,Closed,0,Branch,2025-09-21 00:00:00
L200648,B100580,2025-02-09 00:00:00,Personal,181200,12,6,Active,0,Mobile App,2025-02-10 00:00:00
L200649,B100294,2024-03-10 00:00:00,Personal,222500,48,7.6,Closed,0,Branch,2024-03-21 00:00:00
L200650,B100395,2024-06-08 00:00:00,Personal,119200,24,11.14,Closed,0,Online,2024-06-14 00:00:00
L200651,B100513,2024-08-27 00:00:00,Personal,206000,24,10.2,Defaulted,1,Partner,2024-09-03 00:00:00
L200652,B100921,2025-06-06 00:00:00,Small Business,162700,60,8.15,Defaulted,1,Online,2025-06-12 00:00:00
L200653,B100810,2024-05-17 00:00:00,Home Improvement,168500,12,7.19,Closed,0,Partner,2024-05-31 00:00:00
L200654,B100920,2025-05-09 00:00:00,Home Improvement,204400,84,6,Active,0,Branch,2025-05-22 00:00:00
L200655,B100693,2025-11-09 00:00:00,Home Improvement,71800,48,8.15,Active,0,Online,2025-11-18 00:00:00
L200656,B100235,2024-09-03 00:00:00,Auto,185100,84,7.77,Closed,0,Branch,2024-09-06 00:00:00
L200657,B100952,2025-06-26 00:00:00,Education,201800,12,8.41,Closed,0,Online,2025-07-04 00:00:00
L200658,B101032,2025-06-07 00:00:00,Auto,197000,48,8.96,Active,0,Branch,2025-06-10 00:00:00
L200659,B100539,2024-08-30 00:00:00,Personal,154800,36,6,Active,0,Branch,2024-09-10 00:00:00
L200660,B100820,2025-09-11 00:00:00,Auto,399200,60,7.43,Closed,0,Online,2025-09-23 00:00:00
L200661,B101115,2024-12-01 00:00:00,Auto,140500,36,6,Closed,0,Mobile App,2024-12-14 00:00:00
L200662,B100272,2025-02-25 00:00:00,Education,211000,36,10.65,Defaulted,1,Branch,2025-03-10 00:00:00
L200663,B101029,2024-07-12 00:00:00,Small Business,446300,60,7.63,Defaulted,1,Mobile App,2024-07-19 00:00:00
L200664,B101142,2024-11-03 00:00:00,Auto,170300,36,6,Active,0,Branch,2024-11-17 00:00:00
L200665,B100593,2025-10-06 00:00:00,Home Improvement,209200,12,8.21,Closed,0,Branch,2025-10-19 00:00:00
L200666,B100976,2025-05-20 00:00:00,Personal,168300,36,7.34,Active,0,Online,2025-05-25 00:00:00
L200667,B100115,2024-10-07 00:00:00,Home Improvement,428000,60,7.09,Defaulted,1,Partner,2024-10-19 00:00:00
L200668,B100263,2025-11-05 00:00:00,Personal,150300,36,7.27,Closed,0,Branch,2025-11-18 00:00:00
L200669,B100207,2025-03-14 00:00:00,Personal,442000,36,6,Closed,0,Branch,2025-03-15 00:00:00
L200670,B100303,2025-12-15 00:00:00,Personal,167400,12,8.15,Closed,0,Mobile App,2025-12-26 00:00:00
L200671,B100112,2025-08-30 00:00:00,Home Improvement,98600,48,7.5,Closed,0,Online,2025-09-11 00:00:00
L200672,B100185,2025-04-27 00:00:00,Personal,289600,60,7.57,Defaulted,1,Mobile App,2025-05-01 00:00:00
L200673,B100901,2024-08-10 00:00:00,Small Business,145400,36,10.65,Active,0,Branch,2024-08-24 00:00:00
L200674,B100221,2024-04-26 00:00:00,Personal,277900,36,7.86,Closed,0,Online,2024-05-09 00:00:00
L200675,B101141,2024-07-10 00:00:00,Small Business,26600,24,11.19,Defaulted,1,Online,2024-07-21 00:00:00
L200676,B101094,2025-09-09 00:00:00,Home Improvement,180700,36,10.59,Defaulted,1,Online,2025-09-18 00:00:00
L200677,B100898,2025-05-30 00:00:00,Personal,130500,24,8.26,Active,0,Mobile App,2025-06-07 00:00:00
L200678,B101094,2025-06-13 00:00:00,Auto,85500,48,9.96,Active,0,Mobile App,2025-06-16 00:00:00
L200679,B100622,2024-11-02 00:00:00,Home Improvement,122200,48,6.51,Closed,0,Online,2024-11-04 00:00:00
L200680,B100427,2025-06-15 00:00:00,Home Improvement,120500,72,6,Closed,0,Partner,2025-06-26 00:00:00
L200681,B100644,2024-05-01 00:00:00,Home Improvement,174100,12,8.75,Defaulted,1,Online,2024-05-10 00:00:00
L200682,B100568,2025-10-10 00:00:00,Auto,69100,48,6,Closed,0,Branch,2025-10-11 00:00:00
L200683,B100443,2025-08-14 00:00:00,Auto,224600,48,6,Active,0,Online,2025-08-23 00:00:00
L200684,B100601,2024-06-02 00:00:00,Small Business,468400,48,7.55,Closed,0,Online,2024-06-14 00:00:00
L200685,B101161,2025-06-20 00:00:00,Personal,219100,60,7.4,Active,0,Branch,2025-06-27 00:00:00
L200686,B100504,2025-03-27 00:00:00,Auto,317100,36,6,Closed,0,Online,2025-04-08 00:00:00
L200687,B100131,2024-06-17 00:00:00,Personal,387300,12,6,Active,0,Online,2024-06-19 00:00:00
L200688,B100218,2024-02-28 00:00:00,Home Improvement,427700,60,9.38,Defaulted,1,Mobile App,2024-03-10 00:00:00
L200689,B100688,2024-10-27 00:00:00,Home Improvement,666500,36,6,Closed,0,Mobile App,2024-11-01 00:00:00
L200690,B100171,2025-07-06 00:00:00,Personal,126900,12,9.75,Defaulted,1,Online,2025-07-20 00:00:00
L200691,B100612,2025-07-03 00:00:00,Personal,108900,36,8.47,Closed,0,Branch,2025-07-05 00:00:00
L200692,B100992,2024-04-26 00:00:00,Personal,311500,36,9.19,Closed,0,Online,2024-05-01 00:00:00
L200693,B101153,2024-05-06 00:00:00,Auto,295500,60,6.31,Active,0,Mobile App,2024-05-13 00:00:00
L200694,B100057,2025-02-08 00:00:00,Auto,309800,24,6,Closed,0,Branch,2025-02-13 00:00:00
L200695,B100246,2025-02-02 00:00:00,Small Business,675500,36,6.76,Active,0,Online,2025-02-04 00:00:00
L200696,B100144,2025-05-29 00:00:00,Auto,181400,48,8.77,Active,0,Partner,2025-06-09 00:00:00
L200697,B101075,2025-05-12 00:00:00,Personal,242600,36,11.27,Defaulted,1,Online,2025-05-26 00:00:00
L200698,B100368,2025-06-11 00:00:00,Small Business,90600,84,11.5,Defaulted,1,Branch,2025-06-16 00:00:00
L200699,B100218,2025-02-01 00:00:00,Auto,802500,12,7.92,Closed,0,Branch,2025-02-13 00:00:00
L200700,B100616,2024-09-21 00:00:00,Auto,142200,84,8.2,Active,0,Online,2024-10-03 00:00:00
L200701,B101180,2024-09-19 00:00:00,Personal,145100,48,7.64,Defaulted,1,Partner,2024-09-29 00:00:00
L200702,B100442,2025-02-01 00:00:00,Auto,141200,60,6.64,Active,0,Online,2025-02-15 00:00:00
L200703,B100841,2025-10-07 00:00:00,Small Business,114600,36,6,Defaulted,1,Online,2025-10-13 00:00:00
L200704,B100956,2025-12-25 00:00:00,Auto,108000,36,12.06,Defaulted,1,Online,2025-12-30 00:00:00
L200705,B100699,2025-06-10 00:00:00,Personal,124800,60,7.95,Active,0,Online,2025-06-12 00:00:00
L200706,B100876,2025-03-11 00:00:00,Home Improvement,69200,72,9.37,Closed,0,Online,2025-03-17 00:00:00
L200707,B100776,2024-12-25 00:00:00,Small Business,103900,36,8.06,Active,0,Branch,2024-12-31 00:00:00
L200708,B100762,2024-05-08 00:00:00,Personal,704300,24,8.6,Active,0,Online,2024-05-20 00:00:00
L200709,B100945,2025-09-25 00:00:00,Auto,301200,48,6.49,Active,0,Online,2025-09-27 00:00:00
L200710,B100923,2024-08-28 00:00:00,Small Business,344200,72,13.12,Defaulted,1,Branch,2024-09-10 00:00:00
L200711,B100935,2025-09-18 00:00:00,Personal,410300,36,11.02,Active,0,Online,2025-10-01 00:00:00
L200712,B100025,2025-12-09 00:00:00,Home Improvement,649900,60,10.17,Closed,0,Partner,2025-12-13 00:00:00
L200713,B100806,2024-08-09 00:00:00,Home Improvement,52100,60,6.24,Closed,0,Online,2024-08-16 00:00:00
L200714,B100764,2024-08-01 00:00:00,Home Improvement,76100,60,10.68,Active,0,Partner,2024-08-02 00:00:00
L200715,B101084,2025-08-14 00:00:00,Personal,102500,48,8.59,Active,0,Branch,2025-08-15 00:00:00
L200716,B100434,2024-05-14 00:00:00,Personal,129600,36,8.67,Closed,0,Mobile App,2024-05-28 00:00:00
L200717,B100879,2025-01-20 00:00:00,Home Improvement,145800,84,6.65,Closed,0,Branch,2025-01-31 00:00:00
L200718,B101090,2024-10-29 00:00:00,Personal,131600,60,6,Closed,0,Online,2024-11-10 00:00:00
L200719,B100910,2024-10-13 00:00:00,Auto,209900,60,7.69,Closed,0,Online,2024-10-24 00:00:00
L200720,B100565,2025-07-15 00:00:00,Personal,184500,36,8.18,Active,0,Online,2025-07-21 00:00:00
L200721,B100106,2024-07-07 00:00:00,Personal,108500,60,6,Closed,0,Mobile App,2024-07-14 00:00:00
L200722,B100096,2024-10-23 00:00:00,Small Business,39300,36,7.99,Closed,0,Online,2024-11-04 00:00:00
L200723,B100168,2025-06-09 00:00:00,Auto,89800,36,9.56,Defaulted,1,Online,2025-06-14 00:00:00
L200724,B100042,2025-01-23 00:00:00,Small Business,122500,60,11.9,Defaulted,1,Partner,2025-02-04 00:00:00
L200725,B100104,2025-04-03 00:00:00,Personal,151400,48,6,Active,0,Online,2025-04-13 00:00:00
L200726,B100520,2024-09-17 00:00:00,Auto,81600,60,10.4,Closed,0,Branch,2024-09-25 00:00:00
L200727,B100282,2025-12-04 00:00:00,Personal,127700,36,7.89,Defaulted,1,Branch,2025-12-15 00:00:00
L200728,B101067,2025-12-15 00:00:00,Education,81600,48,7.06,Active,0,Online,2025-12-19 00:00:00
L200729,B100947,2024-04-22 00:00:00,Education,164800,36,8.44,Defaulted,1,Mobile App,2024-04-25 00:00:00
L200730,B101134,2024-02-05 00:00:00,Personal,84900,48,7.76,Active,0,Branch,2024-02-12 00:00:00
L200731,B100749,2024-03-19 00:00:00,Small Business,99400,36,8.51,Active,0,Branch,2024-04-02 00:00:00
L200732,B100831,2024-10-01 00:00:00,Personal,72000,60,8.51,Closed,0,Branch,2024-10-05 00:00:00
L200733,B100049,2024-10-04 00:00:00,Home Improvement,161700,60,6.77,Active,0,Online,2024-10-05 00:00:00
L200734,B100115,2025-11-04 00:00:00,Small Business,98100,36,6,Closed,0,Branch,2025-11-15 00:00:00
L200735,B101179,2024-11-07 00:00:00,Small Business,339600,36,7.21,Closed,0,Branch,2024-11-15 00:00:00
L200736,B100503,2025-06-12 00:00:00,Small Business,239100,60,7.05,Closed,0,Online,2025-06-17 00:00:00
L200737,B100986,2024-07-22 00:00:00,Personal,171400,60,6,Closed,0,Mobile App,2024-08-04 00:00:00
L200738,B100071,2024-01-17 00:00:00,Personal,103000,60,7.83,Active,0,Online,2024-01-25 00:00:00
L200739,B101012,2025-12-14 00:00:00,Personal,234900,60,7.73,Active,0,Online,2025-12-22 00:00:00
L200740,B100067,2025-04-20 00:00:00,Auto,291900,36,7.08,Active,0,Branch,2025-05-02 00:00:00
L200741,B100967,2025-05-25 00:00:00,Education,198900,36,8.15,Closed,0,Partner,2025-05-30 00:00:00
L200742,B100181,2024-07-28 00:00:00,Personal,553100,36,9.46,Active,0,Online,2024-08-05 00:00:00
L200743,B100613,2025-05-13 00:00:00,Home Improvement,248300,24,7.43,Active,0,Partner,2025-05-20 00:00:00
L200744,B100697,2025-02-05 00:00:00,Personal,341200,60,6.29,Closed,0,Partner,2025-02-18 00:00:00
L200745,B100603,2025-03-04 00:00:00,Personal,197600,24,6.72,Closed,0,Mobile App,2025-03-07 00:00:00
L200746,B100248,2024-03-18 00:00:00,Home Improvement,288900,72,6,Closed,0,Branch,2024-03-22 00:00:00
L200747,B100359,2025-07-21 00:00:00,Auto,103000,60,8.03,Closed,0,Online,2025-08-01 00:00:00
L200748,B100249,2024-03-20 00:00:00,Education,130600,60,8.09,Active,0,Branch,2024-04-01 00:00:00
L200749,B100638,2024-11-01 00:00:00,Personal,229900,72,6,Active,0,Mobile App,2024-11-14 00:00:00
L200750,B100950,2024-02-27 00:00:00,Education,228700,36,6.67,Active,0,Mobile App,2024-03-05 00:00:00
L200751,B101112,2025-06-13 00:00:00,Personal,256800,60,7.04,Closed,0,Partner,2025-06-17 00:00:00
L200752,B100663,2024-07-26 00:00:00,Personal,388900,24,8.13,Active,0,Online,2024-08-01 00:00:00
L200753,B100176,2025-05-25 00:00:00,Home Improvement,66400,12,6.5,Active,0,Online,2025-06-06 00:00:00
L200754,B100723,2024-05-14 00:00:00,Education,91000,60,8.13,Closed,0,Online,2024-05-16 00:00:00
L200755,B100426,2025-06-05 00:00:00,Personal,211400,12,8.88,Defaulted,1,Online,2025-06-17 00:00:00
L200756,B100771,2025-08-03 00:00:00,Personal,108400,84,9.3,Closed,0,Online,2025-08-05 00:00:00
L200757,B100703,2024-03-23 00:00:00,Auto,1914900,60,6.52,Closed,0,Online,2024-03-26 00:00:00
L200758,B100081,2025-09-12 00:00:00,Personal,258300,60,11.1,Closed,0,Partner,2025-09-22 00:00:00
L200759,B100927,2024-02-13 00:00:00,Education,170400,36,7.63,Active,0,Online,2024-02-20 00:00:00
L200760,B100138,2025-04-27 00:00:00,Home Improvement,125500,60,6,Active,0,Mobile App,2025-04-30 00:00:00
L200761,B100470,2025-10-05 00:00:00,Personal,128600,12,7.25,Closed,0,Mobile App,2025-10-17 00:00:00
L200762,B100350,2025-05-07 00:00:00,Auto,183800,60,11.47,Closed,0,Online,2025-05-10 00:00:00
L200763,B101150,2025-05-13 00:00:00,Home Improvement,194700,24,6.18,Active,0,Online,2025-05-26 00:00:00
L200764,B100310,2024-01-18 00:00:00,Personal,130700,60,11.51,Defaulted,1,Online,2024-02-01 00:00:00
L200765,B101044,2025-08-27 00:00:00,Home Improvement,148700,36,10.42,Active,0,Online,2025-08-31 00:00:00
L200766,B101002,2024-10-20 00:00:00,Personal,461300,12,10,Defaulted,1,Branch,2024-10-30 00:00:00
L200767,B100269,2024-05-27 00:00:00,Home Improvement,474400,48,6,Active,0,Online,2024-06-02 00:00:00
L200768,B101027,2025-04-16 00:00:00,Personal,214700,24,9.37,Active,0,Partner,2025-04-17 00:00:00
L200769,B100770,2024-06-20 00:00:00,Education,70400,60,8.4,Closed,0,Branch,2024-06-26 00:00:00
L200770,B100016,2025-07-16 00:00:00,Personal,262400,36,6.62,Active,0,Mobile App,2025-07-24 00:00:00
L200771,B100606,2025-06-14 00:00:00,Personal,534300,36,6,Closed,0,Mobile App,2025-06-26 00:00:00
L200772,B100813,2024-04-29 00:00:00,Education,469600,48,8.35,Active,0,Online,2024-05-07 00:00:00
L200773,B101157,2024-03-06 00:00:00,Personal,301000,36,6,Active,0,Online,2024-03-12 00:00:00
L200774,B100482,2024-05-20 00:00:00,Auto,487200,36,10.74,Defaulted,1,Mobile App,2024-05-26 00:00:00
L200775,B100895,2025-03-21 00:00:00,Personal,186900,60,6,Active,0,Online,2025-04-03 00:00:00
L200776,B100269,2025-05-20 00:00:00,Personal,279400,24,6,Active,0,Branch,2025-05-23 00:00:00
L200777,B100414,2024-07-07 00:00:00,Small Business,111800,24,6.46,Active,0,Partner,2024-07-21 00:00:00
L200778,B100025,2024-06-06 00:00:00,Home Improvement,220900,36,9.48,Active,0,Online,2024-06-08 00:00:00
L200779,B100316,2025-09-01 00:00:00,Personal,456500,36,6,Closed,0,Mobile App,2025-09-08 00:00:00
L200780,B100571,2025-10-31 00:00:00,Home Improvement,119100,48,7.69,Active,0,Online,2025-11-08 00:00:00
L200781,B100725,2024-09-02 00:00:00,Auto,98500,36,9.31,Defaulted,1,Branch,2024-09-12 00:00:00
L200782,B101008,2024-02-02 00:00:00,Small Business,192700,60,7.95,Closed,0,Partner,2024-02-15 00:00:00
L200783,B100389,2024-12-26 00:00:00,Personal,153600,12,7.1,Active,0,Mobile App,2025-01-09 00:00:00
L200784,B100722,2024-11-25 00:00:00,Auto,283500,36,10.19,Active,0,Branch,2024-12-01 00:00:00
L200785,B100444,2025-05-26 00:00:00,Auto,131100,36,12.62,Defaulted,1,Partner,2025-05-31 00:00:00
L200786,B100999,2024-03-11 00:00:00,Auto,599400,60,6.98,Active,0,Mobile App,2024-03-15 00:00:00
L200787,B101081,2024-11-08 00:00:00,Auto,73000,84,7.18,Active,0,Online,2024-11-09 00:00:00
L200788,B100697,2025-12-28 00:00:00,Personal,432900,48,7.76,Defaulted,1,Online,2026-01-06 00:00:00
L200789,B100971,2024-03-19 00:00:00,Home Improvement,105400,84,6,Closed,0,Branch,2024-03-30 00:00:00
L200790,B100721,2024-06-17 00:00:00,Auto,51200,36,6,Active,0,Online,2024-06-27 00:00:00
L200791,B100368,2024-06-28 00:00:00,Small Business,212600,12,11.12,Defaulted,1,Branch,2024-07-02 00:00:00
L200792,B100342,2025-09-19 00:00:00,Personal,150600,24,6,Active,0,Online,2025-09-21 00:00:00
L200793,B100304,2024-09-16 00:00:00,Home Improvement,82800,36,6,Closed,0,Online,2024-09-20 00:00:00
L200794,B100764,2025-04-30 00:00:00,Small Business,55500,36,11.83,Active,0,Mobile App,2025-05-13 00:00:00
L200795,B100816,2024-01-05 00:00:00,Home Improvement,178900,24,11.08,Defaulted,1,Mobile App,2024-01-16 00:00:00
L200796,B100112,2024-10-23 00:00:00,Education,356400,36,8.25,Active,0,Branch,2024-10-28 00:00:00
L200797,B100878,2025-09-11 00:00:00,Education,271100,36,8.64,Closed,0,Mobile App,2025-09-13 00:00:00
L200798,B101030,2024-12-25 00:00:00,Personal,187300,24,7.11,Defaulted,1,Online,2025-01-01 00:00:00
L200799,B100930,2024-04-26 00:00:00,Home Improvement,251700,36,7.93,Closed,0,Online,2024-04-29 00:00:00
L200800,B100703,2024-12-22 00:00:00,Personal,176600,72,7.16,Closed,0,Branch,2025-01-05 00:00:00
L200801,B100846,2025-03-14 00:00:00,Auto,66200,36,6,Active,0,Mobile App,2025-03-22 00:00:00
L200802,B100944,2024-11-26 00:00:00,Personal,66600,60,8.26,Active,0,Partner,2024-11-30 00:00:00
L200803,B100279,2025-06-08 00:00:00,Home Improvement,156100,60,7.28,Active,0,Mobile App,2025-06-20 00:00:00
L200804,B100382,2025-10-15 00:00:00,Auto,160900,36,7.35,Defaulted,1,Partner,2025-10-26 00:00:00
L200805,B100013,2024-07-06 00:00:00,Auto,326600,36,6,Closed,0,Online,2024-07-11 00:00:00
L200806,B100303,2024-10-07 00:00:00,Personal,305800,36,8.02,Active,0,Mobile App,2024-10-10 00:00:00
L200807,B100160,2025-05-25 00:00:00,Small Business,274900,48,9.08,Active,0,Online,2025-06-07 00:00:00
L200808,B100154,2025-04-10 00:00:00,Personal,147900,36,8.47,Active,0,Branch,2025-04-21 00:00:00
L200809,B100754,2024-04-24 00:00:00,Personal,68500,36,6,Active,0,Mobile App,2024-04-29 00:00:00
L200810,B100181,2024-08-23 00:00:00,Personal,240200,24,10.11,Active,0,Mobile App,2024-09-01 00:00:00
L200811,B100377,2024-12-03 00:00:00,Small Business,260000,60,6.74,Active,0,Online,2024-12-14 00:00:00
L200812,B100776,2025-06-05 00:00:00,Small Business,33800,36,9.73,Defaulted,1,Branch,2025-06-18 00:00:00
L200813,B101192,2024-07-17 00:00:00,Home Improvement,100400,60,6.84,Active,0,Branch,2024-07-31 00:00:00
L200814,B101174,2024-02-19 00:00:00,Small Business,111000,48,9.14,Active,0,Online,2024-02-21 00:00:00
L200815,B100016,2024-05-21 00:00:00,Personal,195500,60,8.49,Defaulted,1,Branch,2024-05-28 00:00:00
L200816,B101115,2025-06-11 00:00:00,Small Business,102600,48,6,Active,0,Branch,2025-06-21 00:00:00
L200817,B101144,2025-05-28 00:00:00,Personal,175300,48,9.21,Active,0,Online,2025-06-05 00:00:00
L200818,B100253,2025-10-31 00:00:00,Personal,155300,72,8.78,Defaulted,1,Partner,2025-11-03 00:00:00
L200819,B101084,2024-01-30 00:00:00,Personal,161000,60,9.39,Closed,0,Mobile App,2024-02-10 00:00:00
L200820,B100031,2024-03-22 00:00:00,Auto,109000,24,6,Closed,0,Online,2024-03-26 00:00:00
L200821,B101045,2024-01-31 00:00:00,Education,115100,24,8.61,Active,0,Partner,2024-02-13 00:00:00
L200822,B100731,2024-11-28 00:00:00,Personal,84500,60,9.65,Closed,0,Online,2024-12-09 00:00:00
L200823,B100289,2025-10-21 00:00:00,Small Business,234900,60,9.39,Defaulted,1,Online,2025-10-31 00:00:00
L200824,B100498,2024-06-25 00:00:00,Auto,268500,48,6.21,Active,0,Online,2024-06-27 00:00:00
L200825,B100548,2025-01-04 00:00:00,Personal,105000,48,7.51,Active,0,Online,2025-01-14 00:00:00
L200826,B100961,2025-06-30 00:00:00,Auto,521900,60,7.85,Closed,0,Branch,2025-07-13 00:00:00
L200827,B100132,2025-06-18 00:00:00,Home Improvement,144400,36,7.52,Closed,0,Online,2025-06-27 00:00:00
L200828,B100858,2024-04-15 00:00:00,Education,525400,60,6.95,Active,0,Online,2024-04-18 00:00:00
L200829,B101156,2024-04-06 00:00:00,Auto,114800,24,8.37,Active,0,Online,2024-04-15 00:00:00
L200830,B100521,2024-08-17 00:00:00,Auto,43600,84,9.19,Closed,0,Mobile App,2024-08-30 00:00:00
L200831,B100030,2024-08-14 00:00:00,Personal,238500,60,8.68,Defaulted,1,Online,2024-08-21 00:00:00
L200832,B100627,2025-01-05 00:00:00,Home Improvement,214200,60,9.67,Closed,0,Mobile App,2025-01-11 00:00:00
L200833,B100004,2024-04-09 00:00:00,Small Business,184400,36,7.92,Active,0,Online,2024-04-20 00:00:00
L200834,B100509,2025-03-20 00:00:00,Personal,114800,24,6,Active,0,Partner,2025-04-01 00:00:00
L200835,B100016,2025-04-12 00:00:00,Small Business,175700,36,6.37,Active,0,Online,2025-04-23 00:00:00
L200836,B100997,2024-02-24 00:00:00,Auto,125800,60,9.32,Defaulted,1,Partner,2024-02-27 00:00:00
L200837,B100956,2024-07-13 00:00:00,Personal,145700,60,12.14,Defaulted,1,Mobile App,2024-07-24 00:00:00
L200838,B101131,2025-06-03 00:00:00,Small Business,324400,36,6,Active,0,Online,2025-06-10 00:00:00
L200839,B100263,2025-02-27 00:00:00,Auto,204800,60,7.47,Active,0,Mobile App,2025-03-10 00:00:00
L200840,B101089,2024-11-10 00:00:00,Personal,275900,60,8.82,Closed,0,Branch,2024-11-24 00:00:00
L200841,B100265,2024-05-07 00:00:00,Personal,153000,12,6,Closed,0,Partner,2024-05-10 00:00:00
L200842,B100378,2024-02-01 00:00:00,Personal,141700,36,7.06,Closed,0,Branch,2024-02-14 00:00:00
L200843,B101199,2024-04-02 00:00:00,Education,80300,60,11.29,Defaulted,1,Online,2024-04-13 00:00:00
L200844,B100963,2025-06-02 00:00:00,Home Improvement,138900,48,6,Closed,0,Online,2025-06-08 00:00:00
L200845,B101176,2024-09-14 00:00:00,Small Business,20000,60,6.89,Closed,0,Online,2024-09-22 00:00:00
L200846,B100476,2024-08-07 00:00:00,Personal,119100,48,6.47,Active,0,Online,2024-08-12 00:00:00
L200847,B100329,2024-04-15 00:00:00,Personal,170000,84,6,Closed,0,Partner,2024-04-26 00:00:00
L200848,B101187,2025-07-01 00:00:00,Personal,267100,12,8.06,Defaulted,1,Online,2025-07-12 00:00:00
L200849,B100438,2025-02-19 00:00:00,Auto,149100,48,6.13,Defaulted,1,Partner,2025-03-04 00:00:00
L200850,B100016,2025-07-10 00:00:00,Small Business,229600,24,7.53,Closed,0,Online,2025-07-13 00:00:00
L200851,B100868,2024-11-04 00:00:00,Home Improvement,39100,24,9.72,Active,0,Branch,2024-11-10 00:00:00
L200852,B100511,2024-12-31 00:00:00,Personal,173000,36,10.34,Defaulted,1,Branch,2025-01-08 00:00:00
L200853,B100984,2025-06-04 00:00:00,Education,55600,24,7.95,Active,0,Mobile App,2025-06-14 00:00:00
L200854,B100581,2025-04-03 00:00:00,Education,77300,84,11.25,Defaulted,1,Branch,2025-04-06 00:00:00
L200855,B100006,2025-08-21 00:00:00,Personal,157900,72,11.26,Closed,0,Online,2025-09-02 00:00:00
L200856,B101019,2025-01-04 00:00:00,Education,439800,36,8.65,Active,0,Branch,2025-01-17 00:00:00
L200857,B100807,2024-11-26 00:00:00,Personal,233400,60,9.82,Closed,0,Online,2024-12-10 00:00:00
L200858,B100619,2025-11-19 00:00:00,Personal,182300,48,6.67,Active,0,Mobile App,2025-11-30 00:00:00
L200859,B101142,2025-10-03 00:00:00,Personal,177600,60,6,Active,0,Online,2025-10-14 00:00:00
L200860,B100405,2025-12-07 00:00:00,Auto,109200,60,9.61,Active,0,Branch,2025-12-12 00:00:00
L200861,B100997,2024-01-11 00:00:00,Auto,123000,12,7.82,Closed,0,Online,2024-01-20 00:00:00
L200862,B100594,2025-05-21 00:00:00,Personal,242800,60,10.05,Active,0,Online,2025-06-04 00:00:00
L200863,B100566,2025-02-22 00:00:00,Personal,68300,60,6.77,Closed,0,Branch,2025-03-08 00:00:00
L200864,B100752,2024-05-01 00:00:00,Home Improvement,272600,48,6,Active,0,Online,2024-05-11 00:00:00
L200865,B100012,2024-08-22 00:00:00,Small Business,137100,72,7.83,Closed,0,Online,2024-09-01 00:00:00
L200866,B100165,2024-11-26 00:00:00,Home Improvement,320800,72,6,Active,0,Branch,2024-11-29 00:00:00
L200867,B100878,2025-06-26 00:00:00,Personal,352700,48,10.26,Defaulted,1,Online,2025-07-09 00:00:00
L200868,B100078,2024-12-13 00:00:00,Personal,55800,60,9.44,Closed,0,Online,2024-12-25 00:00:00
L200869,B100614,2025-02-15 00:00:00,Personal,119800,84,6,Closed,0,Online,2025-02-26 00:00:00
L200870,B100869,2024-08-11 00:00:00,Personal,98900,36,6.57,Closed,0,Online,2024-08-13 00:00:00
L200871,B100812,2024-06-01 00:00:00,Auto,50600,36,10.22,Closed,0,Online,2024-06-12 00:00:00
L200872,B101101,2024-07-30 00:00:00,Home Improvement,87400,24,7.16,Closed,0,Online,2024-08-12 00:00:00
L200873,B101072,2024-04-01 00:00:00,Home Improvement,994100,72,8.77,Closed,0,Mobile App,2024-04-15 00:00:00
L200874,B100767,2024-11-26 00:00:00,Home Improvement,275800,60,8.22,Defaulted,1,Branch,2024-12-04 00:00:00
L200875,B100082,2025-04-11 00:00:00,Personal,688900,24,6,Closed,0,Online,2025-04-25 00:00:00
L200876,B100209,2025-10-02 00:00:00,Personal,321600,84,9.92,Defaulted,1,Online,2025-10-16 00:00:00
L200877,B100522,2025-12-09 00:00:00,Home Improvement,107100,60,6,Active,0,Online,2025-12-23 00:00:00
L200878,B101053,2025-07-07 00:00:00,Personal,137800,60,6,Closed,0,Mobile App,2025-07-14 00:00:00
L200879,B100994,2024-08-15 00:00:00,Personal,271700,12,8.15,Closed,0,Online,2024-08-27 00:00:00
L200880,B100465,2024-07-12 00:00:00,Personal,244500,48,6,Closed,0,Online,2024-07-21 00:00:00
L200881,B100628,2025-06-13 00:00:00,Personal,120200,60,8.54,Closed,0,Mobile App,2025-06-17 00:00:00
L200882,B100781,2024-08-30 00:00:00,Personal,62500,48,6.79,Active,0,Mobile App,2024-09-02 00:00:00
L200883,B100559,2025-01-23 00:00:00,Education,1797900,60,8.19,Defaulted,1,Partner,2025-02-02 00:00:00
L200884,B100960,2024-10-02 00:00:00,Education,163100,60,6,Active,0,Online,2024-10-07 00:00:00
L200885,B100091,2025-03-25 00:00:00,Personal,143300,36,6.22,Active,0,Mobile App,2025-04-05 00:00:00
L200886,B101077,2025-09-30 00:00:00,Personal,194900,60,9.36,Closed,0,Branch,2025-10-01 00:00:00
L200887,B100860,2025-08-09 00:00:00,Home Improvement,151900,24,6.75,Active,0,Online,2025-08-14 00:00:00
L200888,B100556,2025-07-27 00:00:00,Personal,196100,36,6,Closed,0,Branch,2025-08-09 00:00:00
L200889,B100156,2025-04-22 00:00:00,Auto,443100,12,6.86,Closed,0,Branch,2025-05-05 00:00:00
L200890,B100002,2025-04-24 00:00:00,Personal,165000,36,6,Closed,0,Online,2025-04-27 00:00:00
L200891,B100825,2024-10-14 00:00:00,Personal,79800,36,9.51,Active,0,Mobile App,2024-10-15 00:00:00
L200892,B100802,2025-11-28 00:00:00,Education,160700,60,11.63,Defaulted,1,Online,2025-12-01 00:00:00
L200893,B100983,2025-11-20 00:00:00,Education,130000,60,7.36,Active,0,Mobile App,2025-11-25 00:00:00
L200894,B101082,2025-11-08 00:00:00,Personal,487700,36,11.96,Active,0,Online,2025-11-13 00:00:00
L200895,B100493,2025-11-25 00:00:00,Personal,408600,60,10.53,Closed,0,Online,2025-12-05 00:00:00
L200896,B100669,2025-06-23 00:00:00,Personal,194100,12,9.82,Closed,0,Online,2025-07-05 00:00:00
L200897,B101059,2024-11-25 00:00:00,Personal,73500,24,6.98,Active,0,Online,2024-12-03 00:00:00
L200898,B100075,2025-04-14 00:00:00,Small Business,76300,60,7.58,Closed,0,Online,2025-04-25 00:00:00
L200899,B100944,2025-06-17 00:00:00,Home Improvement,181900,60,9.96,Defaulted,1,Online,2025-06-18 00:00:00
L200900,B100371,2025-04-11 00:00:00,Auto,227800,60,6,Closed,0,Branch,2025-04-18 00:00:00
L200901,B100587,2025-02-23 00:00:00,Home Improvement,138500,36,6.55,Active,0,Branch,2025-02-28 00:00:00
L200902,B100329,2025-08-30 00:00:00,Education,128600,60,6,Closed,0,Mobile App,2025-09-02 00:00:00
L200903,B100590,2024-05-01 00:00:00,Education,118900,60,11.27,Defaulted,1,Online,2024-05-05 00:00:00
L200904,B100777,2024-11-03 00:00:00,Personal,177100,84,7.42,Active,0,Online,2024-11-06 00:00:00
L200905,B100304,2024-11-29 00:00:00,Personal,34000,36,6,Active,0,Branch,2024-12-07 00:00:00
L200906,B100579,2025-02-23 00:00:00,Home Improvement,83300,48,6,Active,0,Online,2025-02-27 00:00:00
L200907,B100221,2024-11-21 00:00:00,Personal,116100,60,8.82,Defaulted,1,Mobile App,2024-11-24 00:00:00
L200908,B100979,2025-10-10 00:00:00,Small Business,419100,84,6,Active,0,Mobile App,2025-10-12 00:00:00
L200909,B101188,2025-07-26 00:00:00,Home Improvement,101800,36,6.75,Closed,0,Mobile App,2025-07-29 00:00:00
L200910,B100375,2024-09-06 00:00:00,Small Business,204200,48,6,Closed,0,Branch,2024-09-13 00:00:00
L200911,B100188,2024-04-04 00:00:00,Personal,210900,36,9.56,Closed,0,Mobile App,2024-04-10 00:00:00
L200912,B101110,2024-10-22 00:00:00,Education,446500,48,7.21,Defaulted,1,Branch,2024-11-01 00:00:00
L200913,B100474,2024-07-02 00:00:00,Personal,435600,36,11.61,Defaulted,1,Online,2024-07-14 00:00:00
L200914,B100844,2024-09-16 00:00:00,Small Business,172900,12,8.71,Defaulted,1,Branch,2024-09-29 00:00:00
L200915,B100531,2025-10-28 00:00:00,Personal,129000,48,9.47,Defaulted,1,Mobile App,2025-11-02 00:00:00
L200916,B101071,2024-07-04 00:00:00,Auto,113100,36,9.5,Defaulted,1,Online,2024-07-12 00:00:00
L200917,B101089,2025-02-12 00:00:00,Education,152100,24,9.62,Active,0,Online,2025-02-23 00:00:00
L200918,B100963,2024-03-09 00:00:00,Auto,132800,36,6.08,Closed,0,Mobile App,2024-03-10 00:00:00
L200919,B100475,2025-09-18 00:00:00,Auto,265200,12,10.6,Defaulted,1,Branch,2025-09-21 00:00:00
L200920,B101170,2024-01-08 00:00:00,Small Business,241600,84,6.62,Defaulted,1,Online,2024-01-10 00:00:00
L200921,B100946,2024-09-21 00:00:00,Auto,272400,48,7.8,Closed,0,Online,2024-09-23 00:00:00
L200922,B101090,2025-04-28 00:00:00,Home Improvement,434600,60,6,Active,0,Online,2025-05-10 00:00:00
L200923,B100517,2025-09-08 00:00:00,Personal,663100,36,9.36,Closed,0,Mobile App,2025-09-19 00:00:00
L200924,B101117,2025-01-05 00:00:00,Education,196400,72,10.26,Defaulted,1,Online,2025-01-17 00:00:00
L200925,B100426,2025-11-07 00:00:00,Home Improvement,388600,48,7.3,Active,0,Mobile App,2025-11-08 00:00:00
L200926,B101118,2024-03-23 00:00:00,Auto,140700,48,7.16,Closed,0,Online,2024-03-28 00:00:00
L200927,B100133,2025-10-07 00:00:00,Personal,412600,48,8.3,Closed,0,Mobile App,2025-10-12 00:00:00
L200928,B100314,2024-07-29 00:00:00,Auto,378400,60,6,Closed,0,Online,2024-08-01 00:00:00
L200929,B100591,2024-11-08 00:00:00,Personal,364600,48,6,Closed,0,Partner,2024-11-20 00:00:00
L200930,B101009,2025-08-26 00:00:00,Personal,192300,36,6,Active,0,Branch,2025-09-07 00:00:00
L200931,B100159,2024-12-02 00:00:00,Home Improvement,112700,24,8.73,Defaulted,1,Mobile App,2024-12-11 00:00:00
L200932,B100661,2025-05-04 00:00:00,Personal,67800,60,8.46,Active,0,Online,2025-05-16 00:00:00
L200933,B100748,2025-02-06 00:00:00,Personal,175000,48,9.72,Active,0,Branch,2025-02-12 00:00:00
L200934,B100801,2025-09-30 00:00:00,Home Improvement,526400,24,9.11,Defaulted,1,Branch,2025-10-14 00:00:00
L200935,B100410,2024-07-09 00:00:00,Personal,144900,36,6.59,Closed,0,Mobile App,2024-07-19 00:00:00
L200936,B100680,2025-11-01 00:00:00,Personal,311900,48,8.12,Active,0,Branch,2025-11-15 00:00:00
L200937,B100114,2024-11-30 00:00:00,Personal,325000,60,6,Closed,0,Branch,2024-12-06 00:00:00
L200938,B100897,2025-06-05 00:00:00,Auto,147600,12,7.94,Closed,0,Partner,2025-06-15 00:00:00
L200939,B101079,2025-09-10 00:00:00,Home Improvement,452300,36,7.45,Active,0,Mobile App,2025-09-16 00:00:00
L200940,B100065,2024-03-27 00:00:00,Home Improvement,23500,60,8.25,Closed,0,Online,2024-04-10 00:00:00
L200941,B100684,2025-08-01 00:00:00,Personal,76500,60,6,Active,0,Online,2025-08-03 00:00:00
L200942,B100146,2024-03-02 00:00:00,Personal,94800,36,9.9,Active,0,Online,2024-03-13 00:00:00
L200943,B100943,2025-01-21 00:00:00,Personal,101400,60,8.65,Defaulted,1,Mobile App,2025-01-31 00:00:00
L200944,B101034,2024-05-25 00:00:00,Auto,227800,48,6,Active,0,Mobile App,2024-06-04 00:00:00
L200945,B100739,2024-06-01 00:00:00,Small Business,220500,48,6,Closed,0,Mobile App,2024-06-09 00:00:00
L200946,B100186,2025-09-10 00:00:00,Personal,237200,84,9.01,Closed,0,Branch,2025-09-16 00:00:00
L200947,B101158,2025-10-21 00:00:00,Personal,273200,72,7.33,Active,0,Online,2025-11-03 00:00:00
L200948,B100835,2025-11-28 00:00:00,Personal,92600,36,6,Closed,0,Branch,2025-12-12 00:00:00
L200949,B100809,2024-12-14 00:00:00,Home Improvement,76700,24,7.6,Active,0,Branch,2024-12-17 00:00:00
L200950,B100171,2024-06-26 00:00:00,Home Improvement,237600,36,8.14,Active,0,Mobile App,2024-07-06 00:00:00
L200951,B100213,2025-05-01 00:00:00,Home Improvement,115800,12,8.47,Active,0,Branch,2025-05-10 00:00:00
L200952,B100027,2025-10-22 00:00:00,Education,60000,12,6.43,Active,0,Online,2025-10-24 00:00:00
L200953,B101014,2024-09-03 00:00:00,Auto,355300,36,6,Active,0,Mobile App,2024-09-10 00:00:00
L200954,B101092,2024-09-10 00:00:00,Personal,478000,72,7.61,Closed,0,Online,2024-09-13 00:00:00
L200955,B100790,2025-05-14 00:00:00,Personal,535400,60,8.96,Defaulted,1,Branch,2025-05-26 00:00:00
L200956,B100408,2025-06-24 00:00:00,Home Improvement,205200,48,9.73,Closed,0,Mobile App,2025-06-30 00:00:00
L200957,B101133,2024-12-17 00:00:00,Home Improvement,279000,48,8.44,Active,0,Partner,2024-12-22 00:00:00
L200958,B100074,2025-05-26 00:00:00,Auto,469600,12,6,Active,0,Mobile App,2025-06-08 00:00:00
L200959,B100578,2024-01-13 00:00:00,Home Improvement,114900,36,6,Active,0,Online,2024-01-19 00:00:00
L200960,B100680,2025-07-12 00:00:00,Home Improvement,391700,12,7.65,Closed,0,Branch,2025-07-20 00:00:00
L200961,B100786,2024-05-30 00:00:00,Small Business,218300,60,7.44,Active,0,Branch,2024-06-13 00:00:00
L200962,B100849,2024-02-19 00:00:00,Auto,341200,24,7.66,Defaulted,1,Mobile App,2024-02-22 00:00:00
L200963,B100870,2024-08-02 00:00:00,Home Improvement,205000,60,8.28,Active,0,Branch,2024-08-04 00:00:00
L200964,B100237,2025-10-05 00:00:00,Personal,446000,60,6,Closed,0,Mobile App,2025-10-13 00:00:00
L200965,B100727,2025-01-06 00:00:00,Home Improvement,210500,36,7.6,Active,0,Online,2025-01-07 00:00:00
L200966,B100378,2024-04-22 00:00:00,Small Business,63700,24,8.16,Closed,0,Online,2024-04-24 00:00:00
L200967,B100661,2024-09-08 00:00:00,Auto,497400,60,8.89,Active,0,Mobile App,2024-09-18 00:00:00
L200968,B100830,2024-12-06 00:00:00,Home Improvement,92700,72,6.79,Closed,0,Mobile App,2024-12-07 00:00:00
L200969,B100906,2024-02-22 00:00:00,Home Improvement,432700,60,10.32,Active,0,Online,2024-02-27 00:00:00
L200970,B100376,2024-05-09 00:00:00,Personal,169000,36,6,Active,0,Partner,2024-05-17 00:00:00
L200971,B100619,2024-07-11 00:00:00,Auto,410000,48,6.86,Active,0,Partner,2024-07-13 00:00:00
L200972,B100653,2025-08-13 00:00:00,Personal,398300,36,10.45,Defaulted,1,Partner,2025-08-17 00:00:00
L200973,B101100,2024-02-26 00:00:00,Small Business,243200,84,9.53,Active,0,Mobile App,2024-03-01 00:00:00
L200974,B101033,2024-04-06 00:00:00,Education,257000,60,8.85,Closed,0,Mobile App,2024-04-17 00:00:00
L200975,B100196,2024-07-16 00:00:00,Personal,242000,60,8.66,Defaulted,1,Mobile App,2024-07-27 00:00:00
L200976,B100807,2025-10-08 00:00:00,Personal,44000,36,10.78,Active,0,Branch,2025-10-15 00:00:00
L200977,B100893,2024-05-26 00:00:00,Auto,195500,60,8.57,Active,0,Online,2024-05-27 00:00:00
L200978,B101085,2025-11-14 00:00:00,Personal,82400,36,8.29,Active,0,Branch,2025-11-23 00:00:00
L200979,B100937,2025-07-28 00:00:00,Personal,202900,12,8.72,Closed,0,Branch,2025-07-31 00:00:00
L200980,B100847,2025-07-30 00:00:00,Auto,80900,36,6,Closed,0,Online,2025-08-05 00:00:00
L200981,B100818,2024-10-21 00:00:00,Auto,78500,72,6.72,Closed,0,Branch,2024-10-31 00:00:00
L200982,B100564,2025-12-23 00:00:00,Personal,553600,60,6.94,Defaulted,1,Partner,2026-01-06 00:00:00
L200983,B100634,2025-09-12 00:00:00,Education,380500,24,8.06,Defaulted,1,Mobile App,2025-09-17 00:00:00
L200984,B100679,2025-11-14 00:00:00,Small Business,179500,72,6,Closed,0,Branch,2025-11-18 00:00:00
L200985,B101018,2024-01-12 00:00:00,Home Improvement,204900,36,6,Active,0,Branch,2024-01-21 00:00:00
L200986,B100008,2024-11-28 00:00:00,Education,151300,36,6.36,Closed,0,Mobile App,2024-12-09 00:00:00
L200987,B101069,2024-08-07 00:00:00,Personal,268200,36,6,Active,0,Mobile App,2024-08-19 00:00:00
L200988,B100344,2025-02-01 00:00:00,Personal,112100,48,6.91,Closed,0,Partner,2025-02-15 00:00:00
L200989,B100796,2024-12-07 00:00:00,Personal,360900,48,6.85,Closed,0,Partner,2024-12-16 00:00:00
L200990,B101051,2025-05-26 00:00:00,Home Improvement,150800,48,7.45,Closed,0,Partner,2025-05-27 00:00:00
L200991,B100849,2024-06-20 00:00:00,Small Business,134200,60,7.65,Defaulted,1,Online,2024-06-27 00:00:00
L200992,B100062,2025-04-12 00:00:00,Home Improvement,182800,36,9.33,Active,0,Online,2025-04-22 00:00:00
L200993,B101086,2024-06-14 00:00:00,Small Business,119000,60,6.06,Active,0,Mobile App,2024-06-23 00:00:00
L200994,B100422,2025-11-29 00:00:00,Home Improvement,226600,24,7.26,Closed,0,Online,2025-12-04 00:00:00
L200995,B100633,2024-06-18 00:00:00,Auto,123600,60,9.93,Closed,0,Mobile App,2024-06-19 00:00:00
L200996,B100792,2025-07-17 00:00:00,Auto,249900,60,11.04,Defaulted,1,Online,2025-07-25 00:00:00
L200997,B100551,2025-05-26 00:00:00,Personal,421600,60,8.86,Defaulted,1,Mobile App,2025-05-31 00:00:00
L200998,B100606,2024-07-07 00:00:00,Personal,108800,48,6,Active,0,Online,2024-07-13 00:00:00
L200999,B101139,2024-04-29 00:00:00,Home Improvement,164300,60,7.69,Closed,0,Online,2024-05-06 00:00:00
L201000,B101145,2024-04-14 00:00:00,Auto,248600,12,7.2,Active,0,Online,2024-04-24 00:00:00
L201001,B100525,2025-11-04 00:00:00,Auto,132700,60,6.12,Closed,0,Partner,2025-11-11 00:00:00
L201002,B100899,2024-02-10 00:00:00,Auto,249100,12,8.03,Active,0,Online,2024-02-23 00:00:00
L201003,B100163,2025-11-07 00:00:00,Personal,265500,24,10.43,Defaulted,1,Partner,2025-11-21 00:00:00
L201004,B100787,2024-11-16 00:00:00,Auto,384200,48,6.66,Closed,0,Mobile App,2024-11-28 00:00:00
L201005,B100910,2024-11-30 00:00:00,Auto,117800,60,7.57,Active,0,Mobile App,2024-12-07 00:00:00
L201006,B100982,2024-06-08 00:00:00,Auto,93000,12,6,Active,0,Mobile App,2024-06-09 00:00:00
L201007,B100379,2024-09-20 00:00:00,Education,145100,72,6,Active,0,Online,2024-09-27 00:00:00
L201008,B100173,2025-06-13 00:00:00,Auto,91400,84,6.55,Active,0,Branch,2025-06-24 00:00:00
L201009,B101000,2025-11-15 00:00:00,Home Improvement,267200,60,6.72,Closed,0,Branch,2025-11-18 00:00:00
L201010,B100064,2025-04-21 00:00:00,Small Business,79800,48,6.94,Active,0,Mobile App,2025-04-26 00:00:00
L201011,B101125,2024-12-17 00:00:00,Education,921600,60,7.17,Closed,0,Mobile App,2024-12-27 00:00:00
L201012,B100975,2025-06-28 00:00:00,Small Business,445900,36,7.07,Active,0,Branch,2025-07-03 00:00:00
L201013,B100066,2024-07-28 00:00:00,Personal,181600,48,10.51,Defaulted,1,Online,2024-08-05 00:00:00
L201014,B100458,2025-05-10 00:00:00,Personal,330300,72,9.87,Defaulted,1,Online,2025-05-17 00:00:00
L201015,B100453,2025-01-16 00:00:00,Personal,57200,84,7.59,Closed,0,Branch,2025-01-23 00:00:00
L201016,B100979,2025-11-06 00:00:00,Personal,1052900,72,6,Closed,0,Online,2025-11-12 00:00:00
L201017,B100178,2025-04-25 00:00:00,Small Business,119100,36,6.69,Active,0,Online,2025-05-02 00:00:00
L201018,B100280,2024-01-05 00:00:00,Home Improvement,165400,36,6,Active,0,Branch,2024-01-19 00:00:00
L201019,B100344,2024-02-03 00:00:00,Personal,49100,36,6.25,Closed,0,Online,2024-02-10 00:00:00
L201020,B101041,2024-05-24 00:00:00,Personal,253000,36,6.61,Active,0,Online,2024-05-29 00:00:00
L201021,B100296,2024-12-16 00:00:00,Personal,83000,36,6.7,Active,0,Branch,2024-12-21 00:00:00
L201022,B100202,2025-08-05 00:00:00,Home Improvement,193300,36,9.29,Active,0,Online,2025-08-09 00:00:00
L201023,B100962,2025-04-09 00:00:00,Home Improvement,123000,60,6,Active,0,Online,2025-04-23 00:00:00
L201024,B100684,2024-12-13 00:00:00,Education,84700,60,6,Defaulted,1,Branch,2024-12-17 00:00:00
L201025,B101173,2024-05-04 00:00:00,Small Business,102500,60,8.47,Active,0,Branch,2024-05-09 00:00:00
L201026,B100375,2024-09-27 00:00:00,Personal,210800,60,8.12,Defaulted,1,Branch,2024-10-07 00:00:00
L201027,B100035,2024-12-22 00:00:00,Personal,73400,12,7.84,Closed,0,Branch,2024-12-31 00:00:00
L201028,B100029,2025-06-10 00:00:00,Personal,106600,12,8.06,Active,0,Mobile App,2025-06-24 00:00:00
L201029,B100775,2025-05-12 00:00:00,Personal,286400,60,7.78,Closed,0,Online,2025-05-23 00:00:00
L201030,B100221,2024-06-01 00:00:00,Small Business,1112900,48,7.57,Active,0,Branch,2024-06-13 00:00:00
L201031,B100053,2024-02-22 00:00:00,Auto,251500,48,8.78,Closed,0,Branch,2024-02-28 00:00:00
L201032,B100791,2024-05-28 00:00:00,Home Improvement,94700,12,6,Active,0,Online,2024-06-05 00:00:00
L201033,B100076,2025-05-17 00:00:00,Auto,139200,36,6.63,Active,0,Mobile App,2025-05-26 00:00:00
L201034,B100494,2025-03-25 00:00:00,Personal,184000,60,6.3,Active,0,Online,2025-04-06 00:00:00
L201035,B100117,2024-08-06 00:00:00,Personal,140900,60,8.08,Active,0,Branch,2024-08-20 00:00:00
L201036,B100280,2025-09-16 00:00:00,Auto,338700,72,6,Closed,0,Online,2025-09-20 00:00:00
L201037,B101199,2024-10-03 00:00:00,Home Improvement,209600,48,9.83,Closed,0,Online,2024-10-15 00:00:00
L201038,B100746,2025-03-27 00:00:00,Personal,339800,48,8,Defaulted,1,Branch,2025-04-09 00:00:00
L201039,B100949,2025-03-03 00:00:00,Home Improvement,144400,60,6,Active,0,Online,2025-03-10 00:00:00
L201040,B100764,2024-03-23 00:00:00,Education,455200,48,11.28,Defaulted,1,Online,2024-03-28 00:00:00
L201041,B100295,2024-08-05 00:00:00,Auto,160200,48,6.02,Active,0,Branch,2024-08-09 00:00:00
L201042,B101018,2025-06-10 00:00:00,Home Improvement,91200,72,7.46,Defaulted,1,Mobile App,2025-06-22 00:00:00
L201043,B101045,2025-02-07 00:00:00,Auto,826400,60,8.48,Closed,0,Mobile App,2025-02-14 00:00:00
L201044,B101097,2024-10-16 00:00:00,Home Improvement,50200,72,8.7,Active,0,Online,2024-10-19 00:00:00
L201045,B100842,2025-02-23 00:00:00,Home Improvement,107300,36,6.97,Closed,0,Online,2025-02-24 00:00:00
L201046,B101060,2024-12-04 00:00:00,Small Business,116100,48,6.09,Closed,0,Online,2024-12-11 00:00:00
L201047,B100497,2025-12-11 00:00:00,Personal,1041900,60,8.81,Closed,0,Online,2025-12-20 00:00:00
L201048,B100206,2025-10-31 00:00:00,Auto,637600,24,7.65,Active,0,Mobile App,2025-11-02 00:00:00
L201049,B100426,2025-02-22 00:00:00,Personal,512200,60,9.87,Defaulted,1,Online,2025-03-01 00:00:00
L201050,B100044,2024-07-25 00:00:00,Personal,142800,24,9.23,Closed,0,Branch,2024-08-04 00:00:00
L201051,B101115,2025-11-16 00:00:00,Home Improvement,983700,60,6,Active,0,Online,2025-11-18 00:00:00
L201052,B100605,2025-11-26 00:00:00,Small Business,232900,60,11.06,Defaulted,1,Mobile App,2025-12-09 00:00:00
L201053,B100454,2024-09-21 00:00:00,Auto,356800,24,6,Closed,0,Online,2024-10-04 00:00:00
L201054,B100595,2024-02-05 00:00:00,Personal,204100,36,7.41,Closed,0,Mobile App,2024-02-08 00:00:00
L201055,B100507,2025-01-07 00:00:00,Personal,173900,60,6.49,Active,0,Mobile App,2025-01-20 00:00:00
L201056,B100794,2025-05-02 00:00:00,Auto,150900,60,9.3,Defaulted,1,Branch,2025-05-12 00:00:00
L201057,B100021,2024-09-15 00:00:00,Personal,155400,36,7.65,Active,0,Partner,2024-09-29 00:00:00
L201058,B101154,2025-06-14 00:00:00,Personal,275600,72,6,Active,0,Online,2025-06-26 00:00:00
L201059,B100620,2024-01-23 00:00:00,Home Improvement,232800,48,6.32,Active,0,Mobile App,2024-02-02 00:00:00
L201060,B100414,2024-04-13 00:00:00,Personal,176100,48,7.93,Defaulted,1,Mobile App,2024-04-16 00:00:00
L201061,B101095,2024-08-28 00:00:00,Auto,517800,12,6,Closed,0,Online,2024-09-09 00:00:00
L201062,B100337,2025-12-16 00:00:00,Education,22600,72,6,Closed,0,Online,2025-12-29 00:00:00
L201063,B100910,2024-09-09 00:00:00,Personal,257200,24,8.5,Closed,0,Partner,2024-09-13 00:00:00
L201064,B100276,2024-05-21 00:00:00,Home Improvement,297500,48,7.22,Active,0,Branch,2024-05-27 00:00:00
L201065,B100892,2025-10-16 00:00:00,Home Improvement,401800,60,6.64,Closed,0,Online,2025-10-19 00:00:00
L201066,B100013,2025-03-26 00:00:00,Home Improvement,172000,36,6,Active,0,Online,2025-04-08 00:00:00
L201067,B101027,2024-11-02 00:00:00,Auto,208200,48,11.06,Defaulted,1,Mobile App,2024-11-11 00:00:00
L201068,B100978,2025-05-14 00:00:00,Personal,358900,36,9.26,Defaulted,1,Partner,2025-05-16 00:00:00
L201069,B100974,2025-09-13 00:00:00,Education,511200,60,6,Active,0,Branch,2025-09-20 00:00:00
L201070,B100175,2024-01-08 00:00:00,Home Improvement,145900,48,6,Active,0,Mobile App,2024-01-14 00:00:00
L201071,B100241,2024-03-09 00:00:00,Personal,217000,60,6.9,Active,0,Online,2024-03-23 00:00:00
L201072,B100547,2025-12-02 00:00:00,Personal,582900,72,7.83,Active,0,Partner,2025-12-04 00:00:00
L201073,B100014,2025-11-21 00:00:00,Personal,40700,60,6,Closed,0,Online,2025-12-02 00:00:00
L201074,B100725,2025-07-28 00:00:00,Personal,111000,60,7.01,Closed,0,Branch,2025-07-31 00:00:00
L201075,B100003,2024-03-08 00:00:00,Auto,502200,48,10.51,Closed,0,Branch,2024-03-14 00:00:00
L201076,B100691,2025-12-18 00:00:00,Personal,386700,36,9.17,Closed,0,Branch,2025-12-28 00:00:00
L201077,B100747,2025-02-11 00:00:00,Personal,259500,60,8.04,Closed,0,Branch,2025-02-15 00:00:00
L201078,B100769,2025-06-01 00:00:00,Home Improvement,131500,72,10.7,Closed,0,Mobile App,2025-06-02 00:00:00
L201079,B100872,2024-04-28 00:00:00,Personal,97100,36,6.46,Active,0,Branch,2024-04-29 00:00:00
L201080,B100495,2024-01-31 00:00:00,Home Improvement,119000,36,7.46,Closed,0,Partner,2024-02-03 00:00:00
L201081,B100417,2025-06-01 00:00:00,Home Improvement,532000,36,9.27,Active,0,Online,2025-06-09 00:00:00
L201082,B100628,2025-04-27 00:00:00,Personal,115900,36,9.39,Closed,0,Mobile App,2025-05-08 00:00:00
L201083,B101076,2024-07-25 00:00:00,Home Improvement,193200,12,6,Active,0,Branch,2024-07-29 00:00:00
L201084,B101021,2025-10-30 00:00:00,Home Improvement,106200,48,7.5,Closed,0,Mobile App,2025-11-10 00:00:00
L201085,B100142,2025-08-01 00:00:00,Auto,324700,48,7.29,Closed,0,Mobile App,2025-08-02 00:00:00
L201086,B101110,2025-01-21 00:00:00,Personal,123500,48,6,Closed,0,Mobile App,2025-01-29 00:00:00
L201087,B100046,2025-02-15 00:00:00,Auto,168100,36,6,Closed,0,Partner,2025-02-25 00:00:00
L201088,B100844,2025-01-04 00:00:00,Small Business,55400,60,7.55,Active,0,Branch,2025-01-10 00:00:00
L201089,B101009,2024-12-18 00:00:00,Home Improvement,58200,60,6,Active,0,Branch,2024-12-19 00:00:00
L201090,B100010,2024-12-01 00:00:00,Personal,181000,84,8.26,Active,0,Mobile App,2024-12-13 00:00:00
L201091,B100664,2024-10-15 00:00:00,Home Improvement,71200,48,9.4,Active,0,Mobile App,2024-10-25 00:00:00
L201092,B100573,2024-05-19 00:00:00,Auto,785700,12,6.87,Active,0,Online,2024-05-29 00:00:00
L201093,B100649,2024-10-26 00:00:00,Auto,42500,84,8.43,Active,0,Online,2024-11-01 00:00:00
L201094,B100913,2024-01-13 00:00:00,Home Improvement,102800,60,6.95,Active,0,Mobile App,2024-01-14 00:00:00
L201095,B100640,2025-10-25 00:00:00,Auto,182100,36,6.62,Closed,0,Online,2025-11-04 00:00:00
L201096,B100616,2025-03-03 00:00:00,Education,139400,24,9.08,Defaulted,1,Branch,2025-03-13 00:00:00
L201097,B100698,2025-02-03 00:00:00,Home Improvement,83100,24,6.74,Active,0,Online,2025-02-06 00:00:00
L201098,B100909,2024-04-18 00:00:00,Home Improvement,92100,24,7.27,Active,0,Branch,2024-04-20 00:00:00
L201099,B100178,2025-04-29 00:00:00,Personal,90000,12,7.04,Active,0,Online,2025-05-03 00:00:00
L201100,B100869,2024-12-21 00:00:00,Education,147300,72,6.16,Active,0,Partner,2024-12-23 00:00:00
L201101,B101030,2024-05-28 00:00:00,Small Business,705800,48,6,Active,0,Mobile App,2024-06-08 00:00:00
L201102,B100853,2025-12-16 00:00:00,Personal,190100,60,6.85,Active,0,Partner,2025-12-29 00:00:00
L201103,B100307,2024-11-02 00:00:00,Auto,412000,60,6.41,Active,0,Mobile App,2024-11-07 00:00:00
L201104,B100548,2025-06-16 00:00:00,Personal,256700,60,7.91,Active,0,Online,2025-06-20 00:00:00
L201105,B100327,2024-02-29 00:00:00,Home Improvement,392500,72,7.25,Active,0,Mobile App,2024-03-06 00:00:00
L201106,B100395,2025-03-10 00:00:00,Home Improvement,25400,84,10.33,Active,0,Partner,2025-03-24 00:00:00
L201107,B100300,2024-01-21 00:00:00,Personal,145500,36,9.7,Defaulted,1,Partner,2024-01-28 00:00:00
L201108,B100749,2025-01-16 00:00:00,Education,449400,84,9.45,Closed,0,Mobile App,2025-01-28 00:00:00
L201109,B100285,2024-09-01 00:00:00,Personal,120600,60,11.94,Defaulted,1,Branch,2024-09-03 00:00:00
L201110,B100330,2024-03-13 00:00:00,Education,618100,12,8.38,Active,0,Branch,2024-03-15 00:00:00
L201111,B100050,2025-03-24 00:00:00,Auto,508600,60,9.49,Defaulted,1,Branch,2025-04-01 00:00:00
L201112,B100773,2024-03-16 00:00:00,Personal,129600,60,6,Active,0,Partner,2024-03-29 00:00:00
L201113,B100378,2025-11-28 00:00:00,Personal,126600,72,7.13,Active,0,Online,2025-12-11 00:00:00
L201114,B101000,2025-08-12 00:00:00,Personal,88500,36,7.09,Active,0,Mobile App,2025-08-21 00:00:00
L201115,B100774,2025-01-24 00:00:00,Home Improvement,115800,48,8.42,Active,0,Online,2025-01-29 00:00:00
L201116,B101168,2025-07-30 00:00:00,Auto,76000,12,6.98,Active,0,Mobile App,2025-08-06 00:00:00
L201117,B101084,2024-12-07 00:00:00,Personal,243000,36,8.93,Closed,0,Branch,2024-12-20 00:00:00
L201118,B100868,2024-10-16 00:00:00,Personal,65000,12,11.12,Defaulted,1,Branch,2024-10-28 00:00:00
L201119,B101099,2025-07-21 00:00:00,Personal,274700,48,8.17,Active,0,Online,2025-07-30 00:00:00
L201120,B100003,2024-11-26 00:00:00,Home Improvement,279400,60,10.89,Active,0,Online,2024-12-10 00:00:00
L201121,B100748,2024-09-15 00:00:00,Home Improvement,56300,36,8.24,Active,0,Branch,2024-09-16 00:00:00
L201122,B100275,2025-03-01 00:00:00,Personal,532600,48,6.1,Closed,0,Mobile App,2025-03-09 00:00:00
L201123,B100215,2025-12-02 00:00:00,Auto,257900,36,6.32,Closed,0,Online,2025-12-12 00:00:00
L201124,B100329,2024-01-06 00:00:00,Personal,304200,24,6,Active,0,Mobile App,2024-01-16 00:00:00
L201125,B100255,2024-01-06 00:00:00,Small Business,105800,48,8.4,Defaulted,1,Branch,2024-01-15 00:00:00
L201126,B100126,2024-07-09 00:00:00,Small Business,278300,12,11.37,Defaulted,1,Mobile App,2024-07-18 00:00:00
L201127,B100767,2024-05-27 00:00:00,Home Improvement,396000,48,6,Active,0,Online,2024-06-06 00:00:00
L201128,B101196,2025-02-08 00:00:00,Small Business,168000,12,6,Active,0,Mobile App,2025-02-15 00:00:00
L201129,B100217,2024-09-14 00:00:00,Education,730900,24,11.05,Defaulted,1,Online,2024-09-26 00:00:00
L201130,B100832,2025-12-30 00:00:00,Education,185600,48,6,Active,0,Mobile App,2026-01-11 00:00:00
L201131,B100182,2025-04-23 00:00:00,Auto,400000,48,11.95,Defaulted,1,Partner,2025-05-05 00:00:00
L201132,B100334,2024-03-30 00:00:00,Personal,221000,12,6.16,Active,0,Branch,2024-04-11 00:00:00
L201133,B100511,2024-01-10 00:00:00,Personal,271200,48,10.95,Defaulted,1,Branch,2024-01-20 00:00:00
L201134,B100383,2024-03-27 00:00:00,Personal,55900,60,7.98,Closed,0,Mobile App,2024-03-30 00:00:00
L201135,B100332,2024-05-30 00:00:00,Home Improvement,233400,60,7.45,Closed,0,Online,2024-06-12 00:00:00
L201136,B101189,2025-09-16 00:00:00,Personal,107600,24,7.15,Closed,0,Online,2025-09-29 00:00:00
L201137,B100900,2024-01-30 00:00:00,Personal,99500,48,6.75,Closed,0,Online,2024-02-04 00:00:00
L201138,B100642,2024-05-07 00:00:00,Auto,610200,60,6.15,Closed,0,Branch,2024-05-20 00:00:00
L201139,B100634,2024-03-18 00:00:00,Personal,155000,12,6,Closed,0,Branch,2024-03-20 00:00:00
L201140,B100451,2025-02-24 00:00:00,Auto,89200,60,9.02,Defaulted,1,Online,2025-03-07 00:00:00
L201141,B100196,2024-02-24 00:00:00,Small Business,140000,72,8.96,Defaulted,1,Mobile App,2024-03-05 00:00:00
L201142,B100458,2025-04-24 00:00:00,Home Improvement,72400,60,6.8,Closed,0,Online,2025-04-27 00:00:00
L201143,B100830,2024-10-31 00:00:00,Home Improvement,491100,60,6.66,Closed,0,Online,2024-11-10 00:00:00
L201144,B100257,2025-06-29 00:00:00,Auto,110600,60,6.22,Closed,0,Mobile App,2025-07-06 00:00:00
L201145,B100009,2024-04-14 00:00:00,Auto,260700,60,6.59,Defaulted,1,Online,2024-04-15 00:00:00
L201146,B100761,2024-06-20 00:00:00,Personal,465100,60,6,Closed,0,Mobile App,2024-06-23 00:00:00
L201147,B100949,2025-05-13 00:00:00,Small Business,126800,60,6,Closed,0,Mobile App,2025-05-18 00:00:00
L201148,B101083,2024-01-22 00:00:00,Personal,261200,60,6,Active,0,Branch,2024-02-02 00:00:00
L201149,B100887,2024-10-13 00:00:00,Personal,87500,36,6.77,Active,0,Online,2024-10-27 00:00:00
L201150,B100393,2025-01-25 00:00:00,Home Improvement,997200,36,6.44,Active,0,Partner,2025-01-29 00:00:00
L201151,B101143,2025-09-08 00:00:00,Personal,346700,72,8.31,Active,0,Partner,2025-09-11 00:00:00
L201152,B100399,2024-05-28 00:00:00,Personal,157300,12,6,Active,0,Branch,2024-06-03 00:00:00
L201153,B100331,2024-09-28 00:00:00,Personal,104800,60,6,Defaulted,1,Branch,2024-10-10 00:00:00
L201154,B100480,2024-10-25 00:00:00,Personal,166200,84,10.67,Defaulted,1,Online,2024-10-31 00:00:00
L201155,B100134,2024-06-20 00:00:00,Personal,141900,60,9.48,Defaulted,1,Online,2024-06-24 00:00:00
L201156,B100916,2024-02-16 00:00:00,Personal,706300,84,8.01,Active,0,Online,2024-02-25 00:00:00
L201157,B100935,2025-09-17 00:00:00,Home Improvement,76300,60,11.2,Defaulted,1,Online,2025-09-28 00:00:00
L201158,B100355,2024-07-25 00:00:00,Education,197800,12,10.39,Defaulted,1,Mobile App,2024-07-31 00:00:00
L201159,B100584,2025-03-28 00:00:00,Personal,177700,60,10.66,Active,0,Online,2025-04-06 00:00:00
L201160,B100625,2025-01-29 00:00:00,Education,165800,36,7.58,Defaulted,1,Mobile App,2025-02-11 00:00:00
L201161,B101131,2024-10-27 00:00:00,Personal,166800,36,6,Closed,0,Branch,2024-11-07 00:00:00
L201162,B100290,2025-12-08 00:00:00,Personal,166000,36,10.2,Defaulted,1,Branch,2025-12-18 00:00:00
L201163,B100825,2025-11-06 00:00:00,Personal,331700,36,8.51,Active,0,Online,2025-11-16 00:00:00
L201164,B100629,2024-06-24 00:00:00,Home Improvement,275700,36,7.44,Active,0,Branch,2024-06-26 00:00:00
L201165,B101019,2024-04-19 00:00:00,Auto,241300,36,9.74,Active,0,Online,2024-04-25 00:00:00
L201166,B100632,2025-11-14 00:00:00,Home Improvement,21500,60,7.55,Active,0,Mobile App,2025-11-28 00:00:00
L201167,B101171,2024-07-20 00:00:00,Home Improvement,222000,60,7.02,Active,0,Branch,2024-07-24 00:00:00
L201168,B100327,2024-06-16 00:00:00,Auto,56500,36,8.22,Defaulted,1,Mobile App,2024-06-18 00:00:00
L201169,B100210,2025-09-05 00:00:00,Home Improvement,283000,36,8.63,Defaulted,1,Online,2025-09-10 00:00:00
L201170,B101127,2024-03-26 00:00:00,Small Business,505300,60,8.08,Defaulted,1,Branch,2024-04-09 00:00:00
L201171,B100636,2025-10-15 00:00:00,Personal,94100,60,6,Closed,0,Online,2025-10-18 00:00:00
L201172,B100868,2025-12-25 00:00:00,Personal,149900,72,10.51,Defaulted,1,Mobile App,2025-12-31 00:00:00
L201173,B100428,2024-02-20 00:00:00,Home Improvement,118300,12,6.81,Closed,0,Online,2024-03-02 00:00:00
L201174,B100393,2024-04-21 00:00:00,Home Improvement,427400,60,7.16,Defaulted,1,Online,2024-05-05 00:00:00
L201175,B100826,2025-04-07 00:00:00,Personal,192400,48,11.18,Active,0,Partner,2025-04-15 00:00:00
L201176,B100916,2025-03-17 00:00:00,Personal,603500,60,8.52,Active,0,Mobile App,2025-03-21 00:00:00
L201177,B101133,2024-09-27 00:00:00,Auto,240500,24,9.36,Defaulted,1,Branch,2024-10-09 00:00:00
L201178,B100348,2025-07-30 00:00:00,Auto,213300,36,11.21,Defaulted,1,Mobile App,2025-08-03 00:00:00
L201179,B100050,2024-12-09 00:00:00,Personal,188800,36,7.59,Active,0,Online,2024-12-14 00:00:00
L201180,B100916,2024-07-01 00:00:00,Small Business,319100,36,10.15,Defaulted,1,Mobile App,2024-07-07 00:00:00
L201181,B101129,2025-05-17 00:00:00,Home Improvement,53300,48,9.61,Closed,0,Online,2025-05-28 00:00:00
L201182,B101051,2024-01-10 00:00:00,Auto,191100,60,7.23,Active,0,Branch,2024-01-17 00:00:00
L201183,B100968,2025-05-08 00:00:00,Home Improvement,171400,60,6,Active,0,Online,2025-05-14 00:00:00
L201184,B100800,2024-08-21 00:00:00,Small Business,299100,48,7.41,Closed,0,Online,2024-08-28 00:00:00
L201185,B101017,2024-10-24 00:00:00,Personal,157800,48,7.25,Active,0,Online,2024-11-02 00:00:00
L201186,B100649,2024-08-31 00:00:00,Personal,87000,36,9.16,Closed,0,Mobile App,2024-09-04 00:00:00
L201187,B100301,2025-05-23 00:00:00,Auto,180900,84,10.65,Defaulted,1,Mobile App,2025-06-02 00:00:00
L201188,B100166,2024-12-16 00:00:00,Education,84300,48,7.76,Active,0,Online,2024-12-17 00:00:00
L201189,B100316,2024-09-23 00:00:00,Personal,46800,36,6,Active,0,Online,2024-10-02 00:00:00
L201190,B100001,2025-09-21 00:00:00,Small Business,299400,36,7.12,Active,0,Online,2025-09-28 00:00:00
L201191,B101020,2025-10-17 00:00:00,Auto,270000,60,8.05,Active,0,Online,2025-10-21 00:00:00
L201192,B100063,2024-07-19 00:00:00,Personal,249600,48,11.89,Defaulted,1,Partner,2024-07-29 00:00:00
L201193,B100483,2024-08-26 00:00:00,Personal,448100,12,11.44,Defaulted,1,Online,2024-09-03 00:00:00
L201194,B100222,2024-11-29 00:00:00,Personal,113000,60,8.91,Active,0,Online,2024-12-11 00:00:00
L201195,B100152,2025-02-18 00:00:00,Education,66100,60,6.57,Active,0,Online,2025-02-25 00:00:00
L201196,B100644,2025-04-28 00:00:00,Small Business,171400,60,7,Active,0,Online,2025-05-10 00:00:00
L201197,B100626,2025-03-12 00:00:00,Auto,141100,12,9.6,Defaulted,1,Online,2025-03-14 00:00:00
L201198,B100217,2024-09-02 00:00:00,Small Business,99800,36,9.98,Closed,0,Online,2024-09-03 00:00:00
L201199,B100196,2024-01-08 00:00:00,Education,170200,72,7.93,Active,0,Branch,2024-01-17 00:00:00
L201200,B100995,2024-05-31 00:00:00,Auto,117300,60,7.53,Active,0,Branch,2024-06-07 00:00:00
L201201,B101015,2025-01-26 00:00:00,Home Improvement,49800,36,8.25,Active,0,Online,2025-02-09 00:00:00
L201202,B100647,2024-07-29 00:00:00,Auto,132200,24,6,Closed,0,Online,2024-08-08 00:00:00
L201203,B101165,2025-01-01 00:00:00,Auto,81200,36,6,Active,0,Branch,2025-01-02 00:00:00
L201204,B100708,2025-10-31 00:00:00,Personal,211700,36,6,Closed,0,Mobile App,2025-11-13 00:00:00
L201205,B101081,2025-07-23 00:00:00,Home Improvement,113700,60,6,Active,0,Online,2025-07-27 00:00:00
L201206,B101166,2024-03-26 00:00:00,Personal,391900,84,8.67,Closed,0,Partner,2024-03-31 00:00:00
L201207,B100722,2024-02-24 00:00:00,Education,553200,36,9.22,Active,0,Branch,2024-02-29 00:00:00
L201208,B100640,2025-12-13 00:00:00,Education,289600,12,8.37,Defaulted,1,Branch,2025-12-27 00:00:00
L201209,B100106,2025-09-25 00:00:00,Personal,60800,72,6,Defaulted,1,Online,2025-10-09 00:00:00
L201210,B100165,2025-03-21 00:00:00,Personal,516300,12,6.33,Closed,0,Branch,2025-04-04 00:00:00
L201211,B100215,2025-09-11 00:00:00,Auto,542400,84,6.72,Defaulted,1,Partner,2025-09-16 00:00:00
L201212,B101095,2024-10-30 00:00:00,Auto,182400,60,6,Closed,0,Branch,2024-11-10 00:00:00
L201213,B100090,2024-05-11 00:00:00,Personal,454400,72,8.7,Defaulted,1,Online,2024-05-14 00:00:00
L201214,B100874,2025-02-24 00:00:00,Auto,122300,24,7.74,Active,0,Partner,2025-03-01 00:00:00
L201215,B101103,2025-01-19 00:00:00,Personal,48700,12,6,Active,0,Online,2025-01-23 00:00:00
L201216,B100608,2024-07-16 00:00:00,Personal,105700,48,6.28,Closed,0,Branch,2024-07-21 00:00:00
L201217,B100349,2024-02-16 00:00:00,Personal,603900,36,6.74,Active,0,Online,2024-02-23 00:00:00
L201218,B100894,2024-07-21 00:00:00,Personal,63400,36,6,Closed,0,Online,2024-07-26 00:00:00
L201219,B100246,2024-09-17 00:00:00,Education,179900,84,6.31,Active,0,Branch,2024-10-01 00:00:00
L201220,B100272,2025-11-20 00:00:00,Small Business,184400,60,11.29,Defaulted,1,Online,2025-12-04 00:00:00
L201221,B100403,2024-01-24 00:00:00,Auto,125700,60,9.79,Defaulted,1,Mobile App,2024-02-07 00:00:00
L201222,B101140,2025-11-17 00:00:00,Auto,132000,24,8.71,Defaulted,1,Mobile App,2025-11-25 00:00:00
L201223,B101196,2024-12-05 00:00:00,Personal,189300,60,6,Defaulted,1,Branch,2024-12-13 00:00:00
L201224,B101040,2025-02-15 00:00:00,Auto,121400,60,8.79,Defaulted,1,Branch,2025-02-18 00:00:00
L201225,B100961,2024-09-17 00:00:00,Personal,66500,36,8.16,Closed,0,Online,2024-09-22 00:00:00
L201226,B100898,2024-10-12 00:00:00,Home Improvement,209200,72,6.98,Closed,0,Online,2024-10-24 00:00:00
L201227,B101080,2025-05-27 00:00:00,Small Business,381600,24,8.52,Closed,0,Online,2025-05-31 00:00:00
L201228,B101127,2024-03-26 00:00:00,Personal,330800,36,6.76,Active,0,Mobile App,2024-04-09 00:00:00
L201229,B100284,2025-03-05 00:00:00,Home Improvement,102100,12,6,Closed,0,Mobile App,2025-03-19 00:00:00
L201230,B100517,2025-08-03 00:00:00,Personal,75000,60,10.57,Active,0,Branch,2025-08-08 00:00:00
L201231,B100618,2024-01-31 00:00:00,Personal,147500,60,7.85,Defaulted,1,Online,2024-02-08 00:00:00
L201232,B100612,2025-12-10 00:00:00,Personal,539400,36,9.78,Defaulted,1,Branch,2025-12-14 00:00:00
L201233,B100750,2025-08-25 00:00:00,Personal,282800,24,7.62,Closed,0,Online,2025-08-30 00:00:00
L201234,B100400,2025-03-15 00:00:00,Personal,294600,12,6,Defaulted,1,Branch,2025-03-22 00:00:00
L201235,B100086,2024-12-14 00:00:00,Personal,335600,24,9.12,Active,0,Branch,2024-12-17 00:00:00
L201236,B100320,2025-02-15 00:00:00,Auto,241700,36,9.26,Defaulted,1,Online,2025-02-28 00:00:00
L201237,B101056,2025-06-11 00:00:00,Personal,195900,36,6,Active,0,Online,2025-06-17 00:00:00
L201238,B100336,2024-11-05 00:00:00,Home Improvement,286200,36,6.62,Closed,0,Branch,2024-11-14 00:00:00
L201239,B100051,2025-01-30 00:00:00,Small Business,122800,60,11.26,Defaulted,1,Partner,2025-02-10 00:00:00
L201240,B101103,2024-12-03 00:00:00,Auto,66900,48,6.36,Active,0,Online,2024-12-07 00:00:00
L201241,B100174,2025-11-04 00:00:00,Personal,298600,60,6,Active,0,Branch,2025-11-08 00:00:00
L201242,B100501,2025-03-12 00:00:00,Personal,428100,12,6,Closed,0,Branch,2025-03-18 00:00:00
L201243,B100076,2025-12-04 00:00:00,Education,82300,36,6.76,Active,0,Online,2025-12-10 00:00:00
L201244,B100316,2025-10-24 00:00:00,Auto,320000,36,7.33,Defaulted,1,Partner,2025-10-27 00:00:00
L201245,B101105,2024-12-30 00:00:00,Auto,583800,24,7.58,Active,0,Online,2025-01-13 00:00:00
L201246,B100697,2024-04-22 00:00:00,Personal,179700,24,6.74,Defaulted,1,Partner,2024-04-23 00:00:00
L201247,B101010,2024-06-24 00:00:00,Auto,101500,60,6,Active,0,Online,2024-06-27 00:00:00
L201248,B100732,2024-05-28 00:00:00,Personal,196200,72,6,Active,0,Online,2024-06-05 00:00:00
L201249,B101095,2024-06-26 00:00:00,Small Business,122400,12,6,Closed,0,Online,2024-07-04 00:00:00
L201250,B100969,2025-01-16 00:00:00,Small Business,116900,36,8.39,Active,0,Mobile App,2025-01-22 00:00:00
L201251,B100854,2024-08-10 00:00:00,Personal,243800,84,8.12,Closed,0,Online,2024-08-17 00:00:00
L201252,B100666,2024-09-15 00:00:00,Auto,58600,24,6,Active,0,Mobile App,2024-09-17 00:00:00
L201253,B100652,2024-07-07 00:00:00,Personal,65500,60,6.75,Active,0,Branch,2024-07-16 00:00:00
L201254,B101095,2024-11-01 00:00:00,Auto,182400,84,6,Active,0,Online,2024-11-04 00:00:00
L201255,B100046,2025-01-12 00:00:00,Education,177200,84,6,Closed,0,Online,2025-01-14 00:00:00
L201256,B101071,2025-08-24 00:00:00,Auto,228900,36,6.66,Closed,0,Online,2025-08-29 00:00:00
L201257,B100149,2024-12-08 00:00:00,Personal,668900,24,6,Closed,0,Online,2024-12-09 00:00:00
L201258,B100910,2024-06-04 00:00:00,Personal,193700,36,8.4,Closed,0,Online,2024-06-09 00:00:00
L201259,B101154,2025-12-12 00:00:00,Education,273600,72,6.54,Active,0,Online,2025-12-22 00:00:00
L201260,B100456,2024-02-24 00:00:00,Home Improvement,90900,72,6,Closed,0,Mobile App,2024-02-28 00:00:00
L201261,B100877,2025-03-17 00:00:00,Auto,308100,60,8.86,Closed,0,Mobile App,2025-03-29 00:00:00
L201262,B100966,2025-11-15 00:00:00,Personal,124500,60,10.93,Closed,0,Mobile App,2025-11-21 00:00:00
L201263,B100869,2024-07-18 00:00:00,Personal,189200,60,6.57,Closed,0,Online,2024-07-30 00:00:00
L201264,B100929,2025-02-06 00:00:00,Small Business,166800,60,6.44,Closed,0,Partner,2025-02-11 00:00:00
L201265,B101024,2025-09-05 00:00:00,Auto,370900,60,8.84,Defaulted,1,Mobile App,2025-09-14 00:00:00
L201266,B101001,2025-10-24 00:00:00,Auto,72000,60,9.29,Defaulted,1,Online,2025-10-29 00:00:00
L201267,B100774,2025-09-14 00:00:00,Auto,36400,48,8.56,Closed,0,Branch,2025-09-27 00:00:00
L201268,B100244,2025-08-25 00:00:00,Home Improvement,155000,36,6.28,Closed,0,Online,2025-09-02 00:00:00
L201269,B100474,2024-06-25 00:00:00,Personal,249900,60,8.96,Active,0,Online,2024-07-07 00:00:00
L201270,B100382,2025-03-24 00:00:00,Personal,200200,36,7.43,Defaulted,1,Mobile App,2025-04-06 00:00:00
L201271,B101127,2025-06-24 00:00:00,Auto,426500,36,6.47,Closed,0,Mobile App,2025-06-26 00:00:00
L201272,B100489,2024-10-27 00:00:00,Home Improvement,244500,60,10.84,Defaulted,1,Mobile App,2024-10-30 00:00:00
L201273,B101061,2025-12-07 00:00:00,Home Improvement,121300,60,9.02,Defaulted,1,Online,2025-12-10 00:00:00
L201274,B100397,2024-11-02 00:00:00,Small Business,35300,72,6.04,Active,0,Online,2024-11-05 00:00:00
L201275,B100296,2024-09-23 00:00:00,Personal,152500,24,6,Closed,0,Online,2024-09-29 00:00:00
L201276,B100107,2024-08-01 00:00:00,Personal,369600,60,10.33,Defaulted,1,Branch,2024-08-08 00:00:00
L201277,B100860,2025-08-16 00:00:00,Small Business,136800,36,7.97,Closed,0,Mobile App,2025-08-23 00:00:00
L201278,B100954,2025-10-01 00:00:00,Auto,183600,72,7.93,Active,0,Branch,2025-10-13 00:00:00
L201279,B100530,2025-04-27 00:00:00,Home Improvement,241800,24,10.65,Defaulted,1,Mobile App,2025-05-04 00:00:00
L201280,B101107,2024-09-18 00:00:00,Home Improvement,88400,60,6,Active,0,Online,2024-09-30 00:00:00
L201281,B100934,2024-03-07 00:00:00,Auto,278400,60,6,Active,0,Mobile App,2024-03-10 00:00:00
L201282,B100288,2025-07-27 00:00:00,Personal,566200,36,6,Closed,0,Branch,2025-07-28 00:00:00
L201283,B100706,2024-05-12 00:00:00,Home Improvement,159500,84,6,Active,0,Mobile App,2024-05-18 00:00:00
L201284,B100215,2025-10-10 00:00:00,Education,81700,60,6,Closed,0,Partner,2025-10-13 00:00:00
L201285,B100732,2025-06-23 00:00:00,Auto,171800,36,6.11,Defaulted,1,Mobile App,2025-07-06 00:00:00
L201286,B100344,2025-05-26 00:00:00,Auto,37900,12,7.19,Closed,0,Mobile App,2025-05-29 00:00:00
L201287,B100194,2024-07-29 00:00:00,Personal,227900,36,9.47,Active,0,Mobile App,2024-08-01 00:00:00
L201288,B100158,2025-12-17 00:00:00,Personal,247000,36,11.21,Defaulted,1,Online,2025-12-26 00:00:00
L201289,B100465,2024-09-09 00:00:00,Personal,581700,72,6.25,Defaulted,1,Mobile App,2024-09-21 00:00:00
L201290,B100104,2024-02-07 00:00:00,Personal,157100,84,6.44,Closed,0,Mobile App,2024-02-11 00:00:00
L201291,B100034,2024-02-12 00:00:00,Small Business,239600,12,8.4,Closed,0,Online,2024-02-17 00:00:00
L201292,B101126,2025-09-20 00:00:00,Education,98500,36,6.6,Active,0,Mobile App,2025-09-23 00:00:00
L201293,B100639,2025-02-08 00:00:00,Home Improvement,140300,48,12.39,Defaulted,1,Online,2025-02-18 00:00:00
L201294,B100325,2025-12-02 00:00:00,Auto,61900,24,6,Defaulted,1,Branch,2025-12-15 00:00:00
L201295,B100691,2024-02-15 00:00:00,Personal,157100,36,9.67,Closed,0,Online,2024-02-27 00:00:00
L201296,B100592,2025-03-29 00:00:00,Small Business,145400,36,6,Active,0,Online,2025-03-30 00:00:00
L201297,B100141,2025-11-08 00:00:00,Personal,221900,48,6.88,Closed,0,Online,2025-11-20 00:00:00
L201298,B100474,2024-10-31 00:00:00,Personal,116300,60,11.27,Defaulted,1,Branch,2024-11-04 00:00:00
L201299,B101055,2025-12-15 00:00:00,Auto,190800,60,6,Closed,0,Online,2025-12-16 00:00:00
L201300,B100884,2024-08-20 00:00:00,Education,142500,24,6.5,Defaulted,1,Mobile App,2024-08-31 00:00:00
L201301,B100063,2024-09-01 00:00:00,Small Business,142700,60,9.54,Active,0,Online,2024-09-12 00:00:00
L201302,B101111,2025-12-21 00:00:00,Personal,190400,60,6.71,Closed,0,Branch,2025-12-28 00:00:00
L201303,B100304,2024-10-21 00:00:00,Small Business,185200,72,6,Closed,0,Online,2024-10-28 00:00:00
L201304,B101085,2025-01-17 00:00:00,Personal,306700,36,8.26,Closed,0,Online,2025-01-21 00:00:00
L201305,B100396,2024-06-06 00:00:00,Personal,165400,72,6.02,Active,0,Online,2024-06-11 00:00:00
L201306,B100334,2025-02-08 00:00:00,Education,140900,60,7.46,Defaulted,1,Online,2025-02-18 00:00:00
L201307,B100786,2024-01-01 00:00:00,Education,158600,36,9.2,Defaulted,1,Partner,2024-01-08 00:00:00
L201308,B100411,2024-08-04 00:00:00,Auto,109100,36,10.59,Active,0,Branch,2024-08-17 00:00:00
L201309,B100284,2025-05-21 00:00:00,Auto,139900,72,7.27,Active,0,Mobile App,2025-05-27 00:00:00
L201310,B100466,2025-08-03 00:00:00,Education,746000,60,11.22,Defaulted,1,Mobile App,2025-08-16 00:00:00
L201311,B100080,2024-01-30 00:00:00,Education,95000,72,6,Closed,0,Partner,2024-02-03 00:00:00
L201312,B100784,2025-09-18 00:00:00,Small Business,148100,60,6.02,Defaulted,1,Branch,2025-09-22 00:00:00
L201313,B101101,2025-06-03 00:00:00,Auto,137200,60,6.18,Closed,0,Online,2025-06-05 00:00:00
L201314,B100733,2024-10-01 00:00:00,Small Business,151400,24,7.95,Active,0,Branch,2024-10-11 00:00:00
L201315,B100077,2025-05-06 00:00:00,Small Business,142700,36,6,Closed,0,Online,2025-05-08 00:00:00
L201316,B100509,2024-02-05 00:00:00,Personal,218900,84,6,Closed,0,Branch,2024-02-17 00:00:00
L201317,B101188,2024-11-06 00:00:00,Education,54400,36,6.47,Active,0,Mobile App,2024-11-10 00:00:00
L201318,B101033,2024-02-13 00:00:00,Auto,372000,24,8.84,Closed,0,Branch,2024-02-18 00:00:00
L201319,B101199,2024-06-03 00:00:00,Auto,280300,60,9.69,Active,0,Online,2024-06-07 00:00:00
L201320,B100462,2024-03-17 00:00:00,Home Improvement,75400,60,6.84,Closed,0,Online,2024-03-31 00:00:00
L201321,B100245,2025-08-12 00:00:00,Personal,36800,36,10.93,Defaulted,1,Partner,2025-08-15 00:00:00
L201322,B100122,2025-09-04 00:00:00,Auto,90800,36,7.74,Active,0,Mobile App,2025-09-15 00:00:00
L201323,B100185,2025-03-13 00:00:00,Education,151900,36,6,Active,0,Online,2025-03-15 00:00:00
L201324,B100032,2025-03-07 00:00:00,Personal,1095700,12,10.65,Defaulted,1,Branch,2025-03-11 00:00:00
L201325,B100998,2025-06-25 00:00:00,Auto,263300,60,6,Active,0,Branch,2025-07-09 00:00:00
L201326,B100762,2024-02-08 00:00:00,Small Business,50800,36,9.39,Closed,0,Mobile App,2024-02-19 00:00:00
L201327,B100569,2024-08-26 00:00:00,Auto,111100,60,6.81,Active,0,Mobile App,2024-08-31 00:00:00
L201328,B100310,2024-01-13 00:00:00,Personal,173400,60,10.75,Defaulted,1,Online,2024-01-14 00:00:00
L201329,B100830,2024-05-01 00:00:00,Auto,215000,60,8.37,Defaulted,1,Branch,2024-05-14 00:00:00
L201330,B100992,2024-05-23 00:00:00,Auto,71700,36,9.63,Active,0,Mobile App,2024-05-24 00:00:00
L201331,B101080,2025-11-14 00:00:00,Home Improvement,163800,48,10.24,Defaulted,1,Online,2025-11-20 00:00:00
L201332,B100791,2025-03-30 00:00:00,Education,108900,36,6,Closed,0,Partner,2025-04-04 00:00:00
L201333,B100464,2025-01-02 00:00:00,Auto,83100,36,6.95,Active,0,Online,2025-01-13 00:00:00
L201334,B100678,2024-09-03 00:00:00,Education,215900,60,6,Active,0,Online,2024-09-07 00:00:00
L201335,B100979,2024-02-14 00:00:00,Auto,309400,48,6,Closed,0,Online,2024-02-15 00:00:00
L201336,B100670,2025-01-09 00:00:00,Personal,324300,60,8.43,Defaulted,1,Branch,2025-01-21 00:00:00
L201337,B100698,2024-10-17 00:00:00,Home Improvement,269100,24,6.11,Active,0,Mobile App,2024-10-31 00:00:00
L201338,B100994,2024-07-25 00:00:00,Home Improvement,127100,24,8.58,Active,0,Mobile App,2024-08-01 00:00:00
L201339,B100078,2025-06-02 00:00:00,Auto,296800,84,11.84,Defaulted,1,Branch,2025-06-06 00:00:00
L201340,B100534,2024-08-29 00:00:00,Personal,223500,48,7.3,Active,0,Branch,2024-09-01 00:00:00
L201341,B100108,2025-09-13 00:00:00,Personal,197700,48,7.99,Defaulted,1,Branch,2025-09-27 00:00:00
L201342,B100764,2024-04-23 00:00:00,Personal,117300,48,12.49,Defaulted,1,Partner,2024-04-30 00:00:00
L201343,B100015,2024-10-28 00:00:00,Personal,127100,36,8.69,Defaulted,1,Branch,2024-10-30 00:00:00
L201344,B100370,2024-10-02 00:00:00,Home Improvement,189600,60,9.56,Closed,0,Online,2024-10-12 00:00:00
L201345,B100205,2024-04-05 00:00:00,Personal,993100,24,8.89,Active,0,Online,2024-04-06 00:00:00
L201346,B101137,2024-10-20 00:00:00,Home Improvement,222300,48,9.46,Defaulted,1,Online,2024-10-31 00:00:00
L201347,B100865,2025-12-01 00:00:00,Personal,117300,48,6.58,Active,0,Mobile App,2025-12-05 00:00:00
L201348,B100441,2024-12-25 00:00:00,Personal,100500,72,6.2,Active,0,Mobile App,2025-01-07 00:00:00
L201349,B100859,2024-10-14 00:00:00,Auto,127600,48,11.28,Defaulted,1,Branch,2024-10-22 00:00:00
L201350,B100227,2024-06-02 00:00:00,Personal,826400,24,6,Closed,0,Mobile App,2024-06-15 00:00:00
L201351,B100528,2025-07-23 00:00:00,Small Business,136100,48,6.99,Defaulted,1,Online,2025-07-29 00:00:00
L201352,B100354,2025-02-26 00:00:00,Personal,339600,24,7.17,Active,0,Partner,2025-03-07 00:00:00
L201353,B100623,2024-02-19 00:00:00,Auto,138400,36,6.48,Active,0,Online,2024-02-20 00:00:00
L201354,B101025,2024-07-25 00:00:00,Education,216100,12,6,Closed,0,Branch,2024-07-26 00:00:00
L201355,B100927,2025-07-17 00:00:00,Home Improvement,313300,48,6.21,Active,0,Online,2025-07-28 00:00:00
L201356,B101185,2025-10-23 00:00:00,Personal,120600,24,11.69,Defaulted,1,Branch,2025-10-28 00:00:00
L201357,B100161,2025-07-18 00:00:00,Auto,114900,36,7.7,Closed,0,Branch,2025-07-24 00:00:00
L201358,B100871,2024-07-31 00:00:00,Home Improvement,574900,72,8.22,Defaulted,1,Mobile App,2024-08-08 00:00:00
L201359,B101152,2024-03-06 00:00:00,Small Business,358600,60,6.08,Closed,0,Mobile App,2024-03-09 00:00:00
L201360,B101175,2024-08-19 00:00:00,Small Business,313100,12,7.91,Active,0,Online,2024-08-25 00:00:00
L201361,B100444,2025-10-24 00:00:00,Personal,312300,36,11.23,Closed,0,Mobile App,2025-10-27 00:00:00
L201362,B100463,2025-12-17 00:00:00,Small Business,248300,60,7.54,Closed,0,Online,2025-12-25 00:00:00
L201363,B101054,2024-11-15 00:00:00,Personal,739100,72,6,Closed,0,Online,2024-11-27 00:00:00
L201364,B100473,2024-05-16 00:00:00,Personal,185600,12,8.28,Closed,0,Online,2024-05-27 00:00:00
L201365,B100557,2025-10-08 00:00:00,Education,269600,60,6,Closed,0,Mobile App,2025-10-19 00:00:00
L201366,B100080,2025-07-19 00:00:00,Personal,65200,48,6.9,Active,0,Branch,2025-07-23 00:00:00
L201367,B101063,2024-03-05 00:00:00,Personal,101000,48,7.4,Active,0,Online,2024-03-07 00:00:00
L201368,B100240,2025-05-28 00:00:00,Personal,77700,84,7.48,Closed,0,Online,2025-06-09 00:00:00
L201369,B100557,2024-05-11 00:00:00,Auto,439100,60,6.61,Active,0,Online,2024-05-20 00:00:00
L201370,B100590,2024-11-29 00:00:00,Home Improvement,30100,60,9.28,Active,0,Mobile App,2024-12-09 00:00:00
L201371,B101140,2024-02-01 00:00:00,Home Improvement,135800,36,6.67,Active,0,Online,2024-02-14 00:00:00
L201372,B100269,2025-05-12 00:00:00,Personal,22100,48,6.37,Closed,0,Branch,2025-05-20 00:00:00
L201373,B100335,2024-08-30 00:00:00,Auto,100600,60,8.09,Active,0,Online,2024-09-05 00:00:00
L201374,B100312,2024-07-10 00:00:00,Small Business,127700,36,7.1,Closed,0,Branch,2024-07-13 00:00:00
L201375,B101077,2024-05-21 00:00:00,Education,474500,48,9.23,Defaulted,1,Mobile App,2024-05-23 00:00:00
L201376,B101092,2025-10-21 00:00:00,Personal,237600,36,9.77,Defaulted,1,Online,2025-11-03 00:00:00
L201377,B100694,2025-08-23 00:00:00,Small Business,100500,24,6.01,Active,0,Mobile App,2025-08-27 00:00:00
L201378,B100034,2025-07-14 00:00:00,Home Improvement,379600,36,11.16,Defaulted,1,Online,2025-07-18 00:00:00
L201379,B100386,2025-10-09 00:00:00,Personal,182300,60,6,Closed,0,Mobile App,2025-10-10 00:00:00
L201380,B100249,2024-07-09 00:00:00,Personal,184800,72,9.07,Closed,0,Partner,2024-07-18 00:00:00
L201381,B101135,2024-05-28 00:00:00,Personal,77600,36,8.38,Closed,0,Mobile App,2024-06-07 00:00:00
L201382,B101118,2025-08-21 00:00:00,Home Improvement,90000,60,6.47,Active,0,Mobile App,2025-08-29 00:00:00
L201383,B101071,2025-02-19 00:00:00,Personal,101000,24,7.23,Active,0,Online,2025-02-26 00:00:00
L201384,B100794,2025-06-03 00:00:00,Auto,186000,72,6.96,Active,0,Partner,2025-06-09 00:00:00
L201385,B100852,2024-01-16 00:00:00,Personal,190100,48,11.07,Defaulted,1,Mobile App,2024-01-19 00:00:00
L201386,B100874,2024-04-15 00:00:00,Small Business,530500,60,6.61,Active,0,Partner,2024-04-19 00:00:00
L201387,B100376,2024-10-09 00:00:00,Personal,235700,60,6,Closed,0,Online,2024-10-11 00:00:00
L201388,B100724,2024-04-13 00:00:00,Small Business,27000,36,6.88,Active,0,Mobile App,2024-04-20 00:00:00
L201389,B100202,2024-12-26 00:00:00,Small Business,216300,48,11.09,Defaulted,1,Online,2024-12-28 00:00:00
L201390,B100445,2025-10-19 00:00:00,Personal,65200,84,11.34,Closed,0,Online,2025-11-02 00:00:00
L201391,B100297,2024-02-04 00:00:00,Auto,91500,24,6.08,Active,0,Online,2024-02-14 00:00:00
L201392,B100493,2024-04-22 00:00:00,Personal,101900,60,10.39,Closed,0,Mobile App,2024-04-23 00:00:00
L201393,B100338,2024-11-03 00:00:00,Small Business,113100,84,8.67,Closed,0,Branch,2024-11-09 00:00:00
L201394,B100923,2024-02-22 00:00:00,Auto,68700,36,11.69,Active,0,Online,2024-02-26 00:00:00
L201395,B101090,2024-03-21 00:00:00,Personal,207600,60,6,Active,0,Online,2024-03-29 00:00:00
L201396,B100792,2025-09-07 00:00:00,Personal,67000,72,10.07,Closed,0,Online,2025-09-08 00:00:00
L201397,B100962,2025-01-03 00:00:00,Auto,231000,60,6,Active,0,Mobile App,2025-01-12 00:00:00
L201398,B100317,2024-08-29 00:00:00,Small Business,861600,36,6,Active,0,Mobile App,2024-09-04 00:00:00
L201399,B100942,2024-01-31 00:00:00,Home Improvement,71000,36,6.99,Closed,0,Online,2024-02-14 00:00:00
L201400,B100626,2025-12-04 00:00:00,Education,147500,12,7.8,Active,0,Online,2025-12-06 00:00:00
L201401,B100075,2024-12-26 00:00:00,Personal,30800,60,7.39,Active,0,Online,2025-01-03 00:00:00
L201402,B100939,2024-08-20 00:00:00,Personal,145800,60,8.6,Closed,0,Online,2024-08-25 00:00:00
L201403,B100059,2025-09-01 00:00:00,Small Business,282300,60,9.79,Defaulted,1,Online,2025-09-06 00:00:00
L201404,B100386,2024-02-03 00:00:00,Personal,298100,36,6,Active,0,Branch,2024-02-08 00:00:00
L201405,B100015,2024-08-30 00:00:00,Small Business,190000,12,7.16,Active,0,Online,2024-09-06 00:00:00
L201406,B100199,2024-02-28 00:00:00,Personal,335400,60,6,Active,0,Online,2024-03-06 00:00:00
L201407,B100035,2025-06-12 00:00:00,Personal,1069800,60,8.84,Defaulted,1,Mobile App,2025-06-22 00:00:00
L201408,B100162,2024-03-18 00:00:00,Home Improvement,596800,72,6.46,Defaulted,1,Online,2024-03-29 00:00:00
L201409,B100982,2025-12-18 00:00:00,Small Business,124900,60,6,Closed,0,Online,2025-12-25 00:00:00
L201410,B100799,2024-10-28 00:00:00,Small Business,65200,60,6,Closed,0,Branch,2024-11-09 00:00:00
L201411,B100895,2025-11-08 00:00:00,Personal,135500,60,6.14,Active,0,Partner,2025-11-18 00:00:00
L201412,B100471,2024-04-21 00:00:00,Personal,92800,60,6,Active,0,Online,2024-04-23 00:00:00
L201413,B100531,2025-02-16 00:00:00,Auto,246900,36,9.21,Defaulted,1,Branch,2025-02-24 00:00:00
L201414,B100792,2024-11-12 00:00:00,Home Improvement,78700,72,9.06,Active,0,Online,2024-11-13 00:00:00
L201415,B100852,2024-05-24 00:00:00,Home Improvement,171100,60,9.98,Defaulted,1,Mobile App,2024-06-06 00:00:00
L201416,B100348,2025-10-29 00:00:00,Personal,323600,36,9.81,Active,0,Mobile App,2025-11-12 00:00:00
L201417,B100694,2025-11-20 00:00:00,Small Business,167700,24,6,Active,0,Mobile App,2025-11-22 00:00:00
L201418,B100935,2025-10-09 00:00:00,Home Improvement,92800,36,11.86,Defaulted,1,Branch,2025-10-20 00:00:00
L201419,B100913,2024-01-18 00:00:00,Education,409700,48,7.14,Closed,0,Mobile App,2024-01-25 00:00:00
L201420,B100147,2024-12-16 00:00:00,Auto,48300,36,10.71,Defaulted,1,Mobile App,2024-12-20 00:00:00
L201421,B100675,2024-06-03 00:00:00,Auto,143100,36,7.9,Active,0,Online,2024-06-14 00:00:00
L201422,B100687,2025-05-20 00:00:00,Small Business,174800,48,6.37,Closed,0,Mobile App,2025-05-30 00:00:00
L201423,B100960,2024-12-25 00:00:00,Auto,182000,24,6,Closed,0,Online,2025-01-04 00:00:00
L201424,B100686,2024-11-27 00:00:00,Education,204200,60,7.16,Active,0,Branch,2024-12-06 00:00:00
L201425,B101127,2025-06-11 00:00:00,Small Business,276000,48,7.39,Closed,0,Mobile App,2025-06-22 00:00:00
L201426,B100121,2024-01-12 00:00:00,Home Improvement,175600,48,6,Closed,0,Online,2024-01-21 00:00:00
L201427,B100419,2024-03-15 00:00:00,Auto,139100,24,6.28,Active,0,Branch,2024-03-29 00:00:00
L201428,B100350,2024-07-30 00:00:00,Personal,135300,36,10.37,Active,0,Online,2024-08-02 00:00:00
L201429,B100042,2025-11-21 00:00:00,Personal,117300,36,9.89,Active,0,Mobile App,2025-12-04 00:00:00
L201430,B100029,2025-10-02 00:00:00,Personal,312400,60,8.16,Active,0,Branch,2025-10-16 00:00:00
L201431,B100966,2024-10-09 00:00:00,Personal,114500,60,10.46,Active,0,Branch,2024-10-22 00:00:00
L201432,B100785,2024-07-13 00:00:00,Personal,325600,36,7.9,Defaulted,1,Online,2024-07-16 00:00:00
L201433,B100014,2024-01-30 00:00:00,Personal,182400,60,6,Closed,0,Partner,2024-02-08 00:00:00
L201434,B100920,2024-01-09 00:00:00,Personal,125000,36,6,Active,0,Partner,2024-01-22 00:00:00
L201435,B100818,2024-11-04 00:00:00,Auto,277500,84,8.08,Active,0,Online,2024-11-14 00:00:00
L201436,B100825,2025-03-20 00:00:00,Personal,108200,84,8.61,Closed,0,Online,2025-04-01 00:00:00
L201437,B100872,2024-11-05 00:00:00,Personal,281400,48,7.01,Active,0,Online,2024-11-13 00:00:00
L201438,B100295,2025-11-07 00:00:00,Home Improvement,208900,60,7.5,Defaulted,1,Branch,2025-11-08 00:00:00
L201439,B100864,2025-12-05 00:00:00,Auto,118600,60,6,Closed,0,Mobile App,2025-12-11 00:00:00
L201440,B100548,2025-03-01 00:00:00,Auto,260600,60,7.86,Active,0,Branch,2025-03-08 00:00:00
L201441,B101061,2025-12-04 00:00:00,Home Improvement,263900,60,8,Active,0,Online,2025-12-18 00:00:00
L201442,B101008,2025-08-13 00:00:00,Education,404700,84,7.37,Active,0,Online,2025-08-24 00:00:00
L201443,B101038,2025-11-21 00:00:00,Auto,354000,48,8.34,Active,0,Branch,2025-12-05 00:00:00
L201444,B100635,2024-03-31 00:00:00,Home Improvement,253900,60,6.23,Defaulted,1,Online,2024-04-08 00:00:00
L201445,B100595,2025-03-31 00:00:00,Small Business,81700,60,6.62,Active,0,Online,2025-04-12 00:00:00
L201446,B101183,2025-03-19 00:00:00,Education,999200,60,9.65,Defaulted,1,Mobile App,2025-03-31 00:00:00
L201447,B100614,2025-12-27 00:00:00,Auto,67400,60,6,Active,0,Branch,2025-12-29 00:00:00
L201448,B101107,2024-03-19 00:00:00,Home Improvement,349800,36,6,Active,0,Online,2024-04-02 00:00:00
L201449,B101046,2025-04-19 00:00:00,Personal,243400,36,7.96,Active,0,Online,2025-04-20 00:00:00
L201450,B101156,2024-04-12 00:00:00,Auto,79100,24,8.16,Active,0,Partner,2024-04-16 00:00:00
L201451,B100465,2025-09-14 00:00:00,Small Business,165000,48,6.82,Defaulted,1,Branch,2025-09-15 00:00:00
L201452,B100955,2025-03-31 00:00:00,Auto,170300,36,8.79,Active,0,Partner,2025-04-02 00:00:00
L201453,B100930,2024-11-09 00:00:00,Small Business,448900,84,8.73,Defaulted,1,Mobile App,2024-11-12 00:00:00
L201454,B100799,2024-09-03 00:00:00,Auto,109300,60,6,Active,0,Mobile App,2024-09-07 00:00:00
L201455,B100395,2024-08-21 00:00:00,Small Business,149800,60,10.39,Active,0,Branch,2024-09-02 00:00:00
L201456,B101144,2025-08-16 00:00:00,Auto,35100,36,9.86,Defaulted,1,Online,2025-08-28 00:00:00
L201457,B100246,2025-10-05 00:00:00,Personal,606200,60,6.12,Active,0,Branch,2025-10-11 00:00:00
L201458,B100568,2024-08-22 00:00:00,Auto,85100,60,6.28,Closed,0,Online,2024-08-30 00:00:00
L201459,B100038,2025-01-21 00:00:00,Personal,226300,60,7.91,Active,0,Partner,2025-01-30 00:00:00
L201460,B100245,2025-09-02 00:00:00,Personal,167700,36,10.59,Defaulted,1,Branch,2025-09-06 00:00:00
L201461,B100021,2024-02-07 00:00:00,Education,168100,48,7.92,Closed,0,Online,2024-02-08 00:00:00
L201462,B101134,2024-06-09 00:00:00,Personal,317300,60,7.1,Active,0,Branch,2024-06-23 00:00:00
L201463,B100394,2025-04-06 00:00:00,Education,579900,48,7.05,Active,0,Mobile App,2025-04-11 00:00:00
L201464,B100987,2025-03-24 00:00:00,Personal,214600,72,8.54,Closed,0,Branch,2025-03-29 00:00:00
L201465,B100008,2024-04-26 00:00:00,Personal,284700,72,6.19,Closed,0,Branch,2024-05-05 00:00:00
L201466,B100328,2024-08-28 00:00:00,Small Business,226600,84,7.4,Active,0,Online,2024-09-03 00:00:00
L201467,B100290,2024-01-26 00:00:00,Personal,367000,60,7.97,Active,0,Mobile App,2024-01-31 00:00:00
L201468,B100511,2025-10-09 00:00:00,Home Improvement,130200,84,9.85,Active,0,Branch,2025-10-19 00:00:00
L201469,B100912,2025-07-15 00:00:00,Home Improvement,382100,60,6.15,Active,0,Branch,2025-07-25 00:00:00
L201470,B100361,2024-10-24 00:00:00,Auto,391600,36,7.03,Active,0,Branch,2024-10-29 00:00:00
L201471,B100716,2024-06-02 00:00:00,Small Business,384000,36,7.79,Closed,0,Partner,2024-06-10 00:00:00
L201472,B100219,2025-10-13 00:00:00,Home Improvement,113400,36,7.95,Active,0,Online,2025-10-24 00:00:00
L201473,B100406,2025-04-12 00:00:00,Auto,160000,12,8.8,Closed,0,Mobile App,2025-04-13 00:00:00
L201474,B100753,2024-02-18 00:00:00,Education,212800,24,8.11,Active,0,Mobile App,2024-02-23 00:00:00
L201475,B100923,2025-10-15 00:00:00,Personal,68900,12,11.64,Active,0,Branch,2025-10-16 00:00:00
L201476,B100832,2024-02-15 00:00:00,Auto,549700,60,6,Closed,0,Online,2024-02-22 00:00:00
L201477,B100794,2025-11-05 00:00:00,Small Business,178500,36,7.43,Active,0,Branch,2025-11-19 00:00:00
L201478,B100595,2024-10-11 00:00:00,Home Improvement,219600,36,7.19,Active,0,Online,2024-10-18 00:00:00
L201479,B100107,2025-09-19 00:00:00,Education,120200,60,8.65,Active,0,Online,2025-10-02 00:00:00
L201480,B100581,2024-03-22 00:00:00,Home Improvement,71100,60,9.74,Closed,0,Online,2024-04-01 00:00:00
L201481,B100609,2024-02-13 00:00:00,Education,117900,84,6.88,Active,0,Branch,2024-02-21 00:00:00
L201482,B100008,2025-12-06 00:00:00,Small Business,209900,60,7.97,Defaulted,1,Branch,2025-12-20 00:00:00
L201483,B100806,2024-09-29 00:00:00,Personal,288400,36,6,Closed,0,Mobile App,2024-10-06 00:00:00
L201484,B100189,2025-01-28 00:00:00,Personal,201600,36,9.28,Active,0,Mobile App,2025-02-08 00:00:00
L201485,B100081,2025-08-17 00:00:00,Auto,229400,36,10.59,Closed,0,Branch,2025-08-26 00:00:00
L201486,B100108,2024-02-27 00:00:00,Home Improvement,142200,36,7.24,Active,0,Branch,2024-03-06 00:00:00
L201487,B100686,2025-07-18 00:00:00,Personal,254800,36,9.61,Defaulted,1,Mobile App,2025-07-26 00:00:00
L201488,B100346,2024-01-01 00:00:00,Personal,508200,84,6,Closed,0,Mobile App,2024-01-04 00:00:00
L201489,B100328,2024-08-03 00:00:00,Personal,294800,12,8.44,Closed,0,Partner,2024-08-13 00:00:00
L201490,B100555,2024-11-12 00:00:00,Small Business,317200,24,6.6,Closed,0,Online,2024-11-16 00:00:00
L201491,B100302,2024-08-15 00:00:00,Home Improvement,221100,24,7.38,Closed,0,Online,2024-08-19 00:00:00
L201492,B100200,2025-04-17 00:00:00,Auto,62800,60,7.75,Active,0,Branch,2025-04-18 00:00:00
L201493,B100893,2025-04-28 00:00:00,Personal,86600,36,9.63,Defaulted,1,Online,2025-05-04 00:00:00
L201494,B101063,2025-11-01 00:00:00,Personal,247500,36,6.8,Active,0,Branch,2025-11-03 00:00:00
L201495,B100307,2024-10-13 00:00:00,Personal,178600,24,6.85,Closed,0,Branch,2024-10-22 00:00:00
L201496,B101028,2025-05-25 00:00:00,Personal,244900,36,6,Closed,0,Branch,2025-06-08 00:00:00
L201497,B101101,2025-07-31 00:00:00,Small Business,582000,24,6.85,Closed,0,Mobile App,2025-08-01 00:00:00
L201498,B100468,2025-04-02 00:00:00,Small Business,299200,48,8.09,Active,0,Online,2025-04-03 00:00:00
L201499,B100179,2024-04-04 00:00:00,Personal,434500,24,7.89,Active,0,Online,2024-04-15 00:00:00
L201500,B100645,2025-05-07 00:00:00,Personal,192300,60,9.03,Defaulted,1,Mobile App,2025-05-20 00:00:00
L201501,B100276,2024-05-29 00:00:00,Personal,102300,48,7.58,Closed,0,Mobile App,2024-06-08 00:00:00
L201502,B101176,2024-01-23 00:00:00,Auto,172900,60,6.48,Closed,0,Online,2024-02-03 00:00:00
L201503,B101188,2024-08-02 00:00:00,Personal,102500,36,6,Closed,0,Partner,2024-08-08 00:00:00
L201504,B100621,2025-02-02 00:00:00,Personal,535800,36,8.53,Active,0,Online,2025-02-15 00:00:00
L201505,B100638,2025-02-13 00:00:00,Personal,313000,24,6.25,Active,0,Branch,2025-02-14 00:00:00
L201506,B100930,2024-05-10 00:00:00,Home Improvement,259100,48,7.5,Active,0,Partner,2024-05-22 00:00:00
L201507,B100183,2024-05-27 00:00:00,Home Improvement,427600,48,9.69,Defaulted,1,Branch,2024-05-30 00:00:00
L201508,B100072,2025-01-15 00:00:00,Home Improvement,43800,36,9.13,Active,0,Online,2025-01-25 00:00:00
L201509,B100719,2024-04-18 00:00:00,Auto,271700,60,6,Active,0,Online,2024-04-20 00:00:00
L201510,B101197,2025-07-05 00:00:00,Small Business,71900,60,6,Active,0,Online,2025-07-18 00:00:00
L201511,B100726,2024-04-30 00:00:00,Small Business,179100,60,9.22,Defaulted,1,Online,2024-05-11 00:00:00
L201512,B100269,2024-10-21 00:00:00,Personal,144700,24,6.49,Closed,0,Branch,2024-10-30 00:00:00
L201513,B101044,2024-04-29 00:00:00,Personal,286100,60,10.35,Closed,0,Online,2024-05-04 00:00:00
L201514,B100578,2025-03-31 00:00:00,Auto,211200,24,6.5,Active,0,Mobile App,2025-04-06 00:00:00
L201515,B100995,2025-06-13 00:00:00,Personal,461500,60,7.37,Active,0,Online,2025-06-15 00:00:00
L201516,B100815,2024-06-17 00:00:00,Auto,118100,36,8.83,Active,0,Online,2024-06-25 00:00:00
L201517,B100147,2025-12-10 00:00:00,Auto,295700,24,9.13,Closed,0,Online,2025-12-16 00:00:00
L201518,B101189,2024-05-22 00:00:00,Auto,201600,60,6.44,Active,0,Mobile App,2024-06-02 00:00:00
L201519,B100890,2024-02-06 00:00:00,Personal,57300,60,8.93,Active,0,Mobile App,2024-02-18 00:00:00
L201520,B100310,2025-11-28 00:00:00,Auto,94600,36,9.87,Closed,0,Mobile App,2025-12-06 00:00:00
L201521,B100518,2024-09-17 00:00:00,Small Business,162100,12,7.6,Active,0,Branch,2024-09-25 00:00:00
L201522,B100014,2024-08-18 00:00:00,Personal,392100,48,6.18,Defaulted,1,Branch,2024-09-01 00:00:00
L201523,B100132,2024-09-10 00:00:00,Home Improvement,249000,72,8.08,Active,0,Branch,2024-09-11 00:00:00
L201524,B100755,2024-11-24 00:00:00,Personal,79500,48,9.28,Defaulted,1,Branch,2024-12-01 00:00:00
L201525,B100439,2024-10-23 00:00:00,Personal,163200,84,11.05,Active,0,Online,2024-10-25 00:00:00
L201526,B100743,2024-01-10 00:00:00,Auto,739100,24,6,Closed,0,Partner,2024-01-21 00:00:00
L201527,B100740,2025-03-21 00:00:00,Personal,194600,48,7.56,Closed,0,Online,2025-03-29 00:00:00
L201528,B100795,2024-08-17 00:00:00,Personal,143100,60,6,Active,0,Partner,2024-08-29 00:00:00
L201529,B100263,2025-06-19 00:00:00,Personal,254000,48,6.95,Active,0,Branch,2025-06-21 00:00:00
L201530,B100643,2024-03-18 00:00:00,Auto,307100,24,11.13,Active,0,Partner,2024-03-22 00:00:00
L201531,B100258,2025-02-28 00:00:00,Home Improvement,130800,48,6.12,Defaulted,1,Branch,2025-03-02 00:00:00
L201532,B100409,2024-07-11 00:00:00,Personal,255900,60,7.1,Active,0,Partner,2024-07-24 00:00:00
L201533,B100975,2025-02-04 00:00:00,Home Improvement,143000,60,7.59,Defaulted,1,Branch,2025-02-11 00:00:00
L201534,B101048,2024-04-18 00:00:00,Personal,297800,60,8.95,Active,0,Partner,2024-04-23 00:00:00
L201535,B100271,2024-09-19 00:00:00,Home Improvement,202700,60,8.12,Active,0,Branch,2024-10-02 00:00:00
L201536,B101119,2024-11-24 00:00:00,Auto,252200,60,8.26,Active,0,Online,2024-12-05 00:00:00
L201537,B100142,2024-12-28 00:00:00,Home Improvement,105800,36,7.31,Closed,0,Online,2025-01-10 00:00:00
L201538,B100902,2025-01-12 00:00:00,Small Business,101300,36,8.85,Closed,0,Online,2025-01-23 00:00:00
L201539,B100974,2024-12-06 00:00:00,Small Business,348900,60,8.86,Defaulted,1,Mobile App,2024-12-15 00:00:00
L201540,B101105,2024-09-15 00:00:00,Personal,170300,84,7.64,Active,0,Partner,2024-09-20 00:00:00
L201541,B100274,2024-11-30 00:00:00,Small Business,219700,12,6.62,Active,0,Online,2024-12-11 00:00:00
L201542,B100276,2024-03-25 00:00:00,Personal,145300,48,7.12,Active,0,Mobile App,2024-04-02 00:00:00
L201543,B100465,2025-06-05 00:00:00,Small Business,337700,36,6,Closed,0,Branch,2025-06-07 00:00:00
L201544,B101063,2025-07-24 00:00:00,Personal,117600,36,6.17,Active,0,Online,2025-07-27 00:00:00
L201545,B100288,2024-11-03 00:00:00,Auto,163700,48,6.72,Closed,0,Online,2024-11-09 00:00:00
L201546,B101148,2024-09-18 00:00:00,Personal,312000,60,11.59,Closed,0,Mobile App,2024-09-29 00:00:00
L201547,B100876,2025-09-22 00:00:00,Personal,409100,12,9.63,Closed,0,Online,2025-09-29 00:00:00
L201548,B100878,2025-11-10 00:00:00,Home Improvement,124800,60,8.67,Closed,0,Mobile App,2025-11-24 00:00:00
L201549,B100180,2025-12-01 00:00:00,Small Business,709600,60,6.91,Closed,0,Branch,2025-12-11 00:00:00
L201550,B101121,2025-03-27 00:00:00,Home Improvement,224100,84,8.73,Closed,0,Online,2025-04-04 00:00:00
L201551,B101098,2024-09-07 00:00:00,Home Improvement,86700,24,6,Active,0,Online,2024-09-10 00:00:00
L201552,B100447,2024-11-19 00:00:00,Home Improvement,233100,48,6,Closed,0,Online,2024-11-26 00:00:00
L201553,B100785,2024-08-16 00:00:00,Personal,137700,36,8.41,Defaulted,1,Online,2024-08-24 00:00:00
L201554,B100561,2025-12-02 00:00:00,Personal,243900,36,8.12,Defaulted,1,Branch,2025-12-12 00:00:00
L201555,B100484,2025-09-27 00:00:00,Personal,174700,48,7.23,Closed,0,Mobile App,2025-10-03 00:00:00
L201556,B100849,2025-08-18 00:00:00,Personal,189600,60,7.77,Defaulted,1,Branch,2025-08-22 00:00:00
L201557,B100722,2024-10-23 00:00:00,Personal,95100,12,9.64,Closed,0,Mobile App,2024-11-05 00:00:00
L201558,B100116,2025-12-27 00:00:00,Personal,360000,84,8.92,Active,0,Branch,2026-01-02 00:00:00
L201559,B100535,2024-08-24 00:00:00,Personal,80100,60,6.03,Closed,0,Branch,2024-09-02 00:00:00
L201560,B101122,2025-09-16 00:00:00,Personal,82800,60,7.7,Defaulted,1,Online,2025-09-19 00:00:00
L201561,B100407,2024-08-04 00:00:00,Small Business,232800,60,6,Closed,0,Online,2024-08-06 00:00:00
L201562,B100694,2024-09-02 00:00:00,Personal,552800,36,6,Active,0,Online,2024-09-07 00:00:00
L201563,B101172,2025-03-23 00:00:00,Auto,140600,60,7.56,Defaulted,1,Online,2025-03-30 00:00:00
L201564,B100495,2024-11-14 00:00:00,Auto,294000,36,7.98,Active,0,Online,2024-11-17 00:00:00
L201565,B100948,2025-03-07 00:00:00,Auto,381600,72,8,Active,0,Mobile App,2025-03-12 00:00:00
L201566,B100023,2025-02-07 00:00:00,Personal,318400,24,8.47,Active,0,Online,2025-02-11 00:00:00
L201567,B101129,2024-02-06 00:00:00,Personal,144800,36,8.88,Active,0,Online,2024-02-17 00:00:00
L201568,B100558,2025-07-29 00:00:00,Personal,83900,48,8.11,Active,0,Mobile App,2025-08-05 00:00:00
L201569,B100941,2024-12-07 00:00:00,Auto,38400,36,8.25,Closed,0,Mobile App,2024-12-09 00:00:00
L201570,B100855,2025-01-23 00:00:00,Personal,149800,36,6,Active,0,Online,2025-02-04 00:00:00
L201571,B101039,2024-02-03 00:00:00,Auto,410600,48,9.52,Active,0,Mobile App,2024-02-14 00:00:00
L201572,B100891,2024-02-08 00:00:00,Home Improvement,81900,60,9.11,Active,0,Partner,2024-02-21 00:00:00
L201573,B100078,2025-08-01 00:00:00,Auto,293900,48,9.39,Closed,0,Online,2025-08-08 00:00:00
L201574,B100807,2024-07-27 00:00:00,Auto,92600,36,10.45,Active,0,Branch,2024-08-08 00:00:00
L201575,B101042,2024-05-31 00:00:00,Auto,193900,36,6,Active,0,Partner,2024-06-02 00:00:00
L201576,B100768,2024-12-30 00:00:00,Education,295400,36,9.78,Active,0,Branch,2025-01-02 00:00:00
L201577,B100454,2024-07-17 00:00:00,Personal,113400,48,6,Defaulted,1,Branch,2024-07-22 00:00:00
L201578,B100928,2025-08-23 00:00:00,Home Improvement,202800,60,6.05,Active,0,Online,2025-08-30 00:00:00
L201579,B100277,2024-03-19 00:00:00,Home Improvement,134600,24,6,Active,0,Mobile App,2024-04-01 00:00:00
L201580,B101051,2025-04-21 00:00:00,Auto,294900,36,8.68,Defaulted,1,Partner,2025-04-27 00:00:00
L201581,B100514,2025-03-09 00:00:00,Personal,212200,36,6.35,Active,0,Online,2025-03-21 00:00:00
L201582,B100464,2024-02-01 00:00:00,Auto,187300,36,9.99,Defaulted,1,Partner,2024-02-08 00:00:00
L201583,B100807,2024-03-27 00:00:00,Personal,535800,36,11.16,Closed,0,Branch,2024-04-07 00:00:00
L201584,B100824,2025-07-04 00:00:00,Personal,286200,60,6,Active,0,Branch,2025-07-10 00:00:00
L201585,B100363,2025-01-27 00:00:00,Personal,111000,36,7.87,Defaulted,1,Online,2025-02-09 00:00:00
L201586,B100751,2025-09-04 00:00:00,Personal,169500,48,6.83,Active,0,Partner,2025-09-16 00:00:00
L201587,B100525,2024-08-31 00:00:00,Auto,170700,60,6,Closed,0,Online,2024-09-01 00:00:00
L201588,B100056,2024-08-19 00:00:00,Education,190400,36,7.99,Defaulted,1,Branch,2024-08-24 00:00:00
L201589,B100489,2025-08-02 00:00:00,Personal,1053800,60,11.75,Defaulted,1,Branch,2025-08-14 00:00:00
L201590,B101052,2024-07-10 00:00:00,Small Business,233400,48,6,Closed,0,Branch,2024-07-11 00:00:00
L201591,B100722,2025-06-23 00:00:00,Small Business,43300,36,9.97,Active,0,Online,2025-06-30 00:00:00
L201592,B100041,2024-09-26 00:00:00,Small Business,123100,60,8.52,Defaulted,1,Branch,2024-09-30 00:00:00
L201593,B101004,2024-03-17 00:00:00,Education,46500,36,6.7,Active,0,Partner,2024-03-22 00:00:00
L201594,B100260,2024-06-15 00:00:00,Personal,142900,72,6,Active,0,Online,2024-06-16 00:00:00
L201595,B100441,2024-10-10 00:00:00,Personal,44800,48,7.83,Active,0,Mobile App,2024-10-18 00:00:00
L201596,B100926,2025-12-04 00:00:00,Auto,97800,60,6,Active,0,Branch,2025-12-08 00:00:00
L201597,B100856,2024-03-29 00:00:00,Auto,62100,60,7.82,Active,0,Branch,2024-04-01 00:00:00
L201598,B100084,2025-06-27 00:00:00,Education,235500,60,7.33,Active,0,Online,2025-06-28 00:00:00
L201599,B100046,2025-10-10 00:00:00,Small Business,180100,60,6,Closed,0,Mobile App,2025-10-14 00:00:00
L201600,B100440,2024-06-04 00:00:00,Auto,222500,60,8.48,Active,0,Online,2024-06-07 00:00:00
L201601,B100986,2024-09-06 00:00:00,Personal,167300,36,7.12,Defaulted,1,Mobile App,2024-09-14 00:00:00
L201602,B100136,2024-04-04 00:00:00,Personal,67800,48,7.72,Closed,0,Mobile App,2024-04-13 00:00:00
L201603,B101196,2024-01-17 00:00:00,Personal,257900,12,6,Active,0,Branch,2024-01-29 00:00:00
L201604,B100909,2024-04-26 00:00:00,Auto,691300,24,7.72,Active,0,Branch,2024-05-01 00:00:00
L201605,B100861,2024-11-28 00:00:00,Auto,239700,60,6.42,Active,0,Mobile App,2024-12-07 00:00:00
L201606,B100788,2025-06-05 00:00:00,Education,133600,12,10.19,Active,0,Online,2025-06-06 00:00:00
L201607,B100590,2024-03-20 00:00:00,Auto,66200,24,8.04,Active,0,Online,2024-03-27 00:00:00
L201608,B100956,2025-10-07 00:00:00,Small Business,95300,60,10.63,Closed,0,Online,2025-10-18 00:00:00
L201609,B100690,2025-03-07 00:00:00,Home Improvement,247200,12,6.88,Defaulted,1,Online,2025-03-21 00:00:00
L201610,B100539,2024-07-21 00:00:00,Education,381500,36,6,Active,0,Partner,2024-07-28 00:00:00
L201611,B101144,2024-04-25 00:00:00,Personal,216100,48,7.37,Active,0,Branch,2024-05-01 00:00:00
L201612,B100708,2024-08-07 00:00:00,Education,315100,48,6,Active,0,Online,2024-08-11 00:00:00
L201613,B100295,2024-09-09 00:00:00,Home Improvement,295400,60,6.66,Active,0,Online,2024-09-22 00:00:00
L201614,B100053,2024-06-17 00:00:00,Personal,256600,48,8.98,Active,0,Mobile App,2024-06-28 00:00:00
L201615,B100806,2024-11-11 00:00:00,Personal,113500,48,6,Active,0,Online,2024-11-20 00:00:00
L201616,B100052,2025-12-17 00:00:00,Small Business,203300,60,8.23,Active,0,Partner,2025-12-31 00:00:00
L201617,B100728,2025-01-06 00:00:00,Personal,99400,48,6.64,Closed,0,Mobile App,2025-01-09 00:00:00
L201618,B100072,2025-08-05 00:00:00,Auto,182200,60,8.85,Active,0,Online,2025-08-16 00:00:00
L201619,B100028,2024-06-04 00:00:00,Personal,226900,72,7.67,Active,0,Branch,2024-06-15 00:00:00
L201620,B100469,2025-09-05 00:00:00,Home Improvement,583000,36,7.94,Defaulted,1,Online,2025-09-06 00:00:00
L201621,B100764,2024-01-13 00:00:00,Education,72000,36,11.27,Active,0,Mobile App,2024-01-15 00:00:00
L201622,B100886,2025-05-22 00:00:00,Personal,252100,12,6.65,Closed,0,Mobile App,2025-05-25 00:00:00
L201623,B100912,2025-04-09 00:00:00,Auto,507700,60,6.26,Closed,0,Partner,2025-04-11 00:00:00
L201624,B100547,2024-08-07 00:00:00,Small Business,306200,12,9.13,Defaulted,1,Online,2024-08-13 00:00:00
L201625,B100201,2024-01-15 00:00:00,Education,322500,48,10.81,Defaulted,1,Online,2024-01-28 00:00:00
L201626,B100820,2024-04-26 00:00:00,Small Business,271600,60,6.88,Closed,0,Branch,2024-05-10 00:00:00
L201627,B100560,2024-11-26 00:00:00,Auto,446700,48,6.86,Defaulted,1,Branch,2024-12-03 00:00:00
L201628,B100379,2024-02-25 00:00:00,Personal,84100,36,6,Closed,0,Branch,2024-03-01 00:00:00
L201629,B101076,2024-12-16 00:00:00,Auto,68200,60,6,Defaulted,1,Branch,2024-12-21 00:00:00
L201630,B100079,2024-05-11 00:00:00,Home Improvement,179200,36,6,Active,0,Online,2024-05-18 00:00:00
L201631,B100834,2024-08-13 00:00:00,Personal,39700,60,6.8,Closed,0,Online,2024-08-19 00:00:00
L201632,B101032,2024-11-03 00:00:00,Personal,426000,60,8.75,Active,0,Online,2024-11-15 00:00:00
L201633,B100025,2025-04-19 00:00:00,Personal,423000,24,9.74,Closed,0,Online,2025-04-27 00:00:00
L201634,B100450,2024-08-09 00:00:00,Auto,132900,72,7.01,Active,0,Online,2024-08-18 00:00:00
L201635,B100768,2024-06-21 00:00:00,Education,138900,36,9.03,Closed,0,Online,2024-06-23 00:00:00
L201636,B100755,2024-12-05 00:00:00,Personal,171100,84,7.91,Active,0,Online,2024-12-17 00:00:00
L201637,B100198,2025-05-20 00:00:00,Home Improvement,186700,12,10.21,Active,0,Partner,2025-05-22 00:00:00
L201638,B101118,2024-06-05 00:00:00,Small Business,196800,36,7.62,Closed,0,Branch,2024-06-06 00:00:00
L201639,B100437,2024-05-30 00:00:00,Personal,266100,24,8.14,Defaulted,1,Partner,2024-06-06 00:00:00
L201640,B100690,2025-11-27 00:00:00,Home Improvement,159500,12,7.64,Defaulted,1,Online,2025-12-08 00:00:00
L201641,B100587,2024-06-26 00:00:00,Small Business,348300,60,7.48,Defaulted,1,Online,2024-07-10 00:00:00
L201642,B100104,2025-06-16 00:00:00,Small Business,245900,60,6,Closed,0,Branch,2025-06-20 00:00:00
L201643,B100627,2024-04-21 00:00:00,Personal,117700,60,10.02,Closed,0,Branch,2024-04-30 00:00:00
L201644,B101063,2025-11-13 00:00:00,Personal,458300,36,7.01,Active,0,Online,2025-11-19 00:00:00
L201645,B100458,2024-05-17 00:00:00,Personal,69600,36,7.73,Active,0,Mobile App,2024-05-29 00:00:00
L201646,B100364,2024-08-20 00:00:00,Home Improvement,168800,60,6.82,Active,0,Online,2024-08-27 00:00:00
L201647,B100135,2024-11-27 00:00:00,Home Improvement,354200,36,7.43,Closed,0,Online,2024-12-10 00:00:00
L201648,B100374,2025-06-25 00:00:00,Home Improvement,108500,60,11.44,Defaulted,1,Online,2025-07-02 00:00:00
L201649,B100039,2024-11-02 00:00:00,Personal,223600,60,7.33,Active,0,Online,2024-11-10 00:00:00
L201650,B100819,2024-06-09 00:00:00,Personal,263300,24,9.72,Defaulted,1,Partner,2024-06-13 00:00:00
L201651,B100047,2025-02-05 00:00:00,Auto,98600,60,6.41,Active,0,Mobile App,2025-02-08 00:00:00
L201652,B100036,2025-08-12 00:00:00,Auto,171100,60,10.43,Defaulted,1,Online,2025-08-15 00:00:00
L201653,B100095,2024-10-04 00:00:00,Home Improvement,161300,60,9.24,Active,0,Branch,2024-10-14 00:00:00
L201654,B100985,2024-11-15 00:00:00,Auto,122300,24,6.72,Active,0,Branch,2024-11-23 00:00:00
L201655,B101170,2025-06-16 00:00:00,Personal,901600,36,8.42,Defaulted,1,Partner,2025-06-28 00:00:00
L201656,B100368,2025-05-11 00:00:00,Personal,105500,36,9.9,Closed,0,Branch,2025-05-24 00:00:00
L201657,B100065,2024-12-28 00:00:00,Personal,363700,36,7.9,Active,0,Mobile App,2024-12-31 00:00:00
L201658,B100754,2025-01-06 00:00:00,Personal,136700,36,6,Active,0,Online,2025-01-14 00:00:00
L201659,B100816,2025-10-16 00:00:00,Personal,84100,60,9.34,Active,0,Partner,2025-10-18 00:00:00
L201660,B100756,2024-02-05 00:00:00,Personal,193400,60,10.19,Closed,0,Online,2024-02-10 00:00:00
L201661,B100181,2024-10-29 00:00:00,Personal,283500,48,7.83,Active,0,Online,2024-11-03 00:00:00
L201662,B100597,2025-03-13 00:00:00,Personal,342900,36,10.75,Active,0,Online,2025-03-20 00:00:00
L201663,B101179,2025-12-26 00:00:00,Home Improvement,537300,72,6,Active,0,Partner,2025-12-31 00:00:00
L201664,B100787,2024-02-01 00:00:00,Personal,1414600,24,6,Active,0,Partner,2024-02-10 00:00:00
L201665,B100627,2024-07-04 00:00:00,Home Improvement,214500,60,10.71,Defaulted,1,Mobile App,2024-07-07 00:00:00
L201666,B101123,2024-06-22 00:00:00,Home Improvement,113200,84,6.61,Active,0,Mobile App,2024-07-01 00:00:00
L201667,B100616,2025-07-19 00:00:00,Auto,247100,60,9.04,Closed,0,Online,2025-07-20 00:00:00
L201668,B100112,2025-11-03 00:00:00,Small Business,149400,84,7.95,Active,0,Mobile App,2025-11-06 00:00:00
L201669,B100453,2024-09-06 00:00:00,Personal,344200,60,6.19,Active,0,Mobile App,2024-09-10 00:00:00
L201670,B100756,2024-10-05 00:00:00,Home Improvement,72600,36,11.73,Defaulted,1,Online,2024-10-11 00:00:00
L201671,B101193,2025-11-13 00:00:00,Small Business,944600,36,11.07,Defaulted,1,Online,2025-11-23 00:00:00
L201672,B100584,2025-11-25 00:00:00,Education,327700,36,11.73,Defaulted,1,Online,2025-12-03 00:00:00
L201673,B100139,2024-01-02 00:00:00,Personal,55400,12,7.34,Closed,0,Online,2024-01-09 00:00:00
L201674,B100231,2024-07-12 00:00:00,Personal,109600,60,8.6,Active,0,Mobile App,2024-07-20 00:00:00
L201675,B100984,2024-06-14 00:00:00,Personal,318700,36,6.44,Active,0,Online,2024-06-20 00:00:00
L201676,B100253,2024-04-19 00:00:00,Home Improvement,410100,60,6.53,Closed,0,Branch,2024-04-25 00:00:00
L201677,B100561,2025-01-14 00:00:00,Home Improvement,73900,36,6.37,Closed,0,Online,2025-01-28 00:00:00
L201678,B100072,2025-08-05 00:00:00,Personal,296500,36,9.27,Active,0,Branch,2025-08-11 00:00:00
L201679,B100222,2025-11-06 00:00:00,Auto,46100,84,9.05,Closed,0,Online,2025-11-09 00:00:00
L201680,B101101,2024-10-11 00:00:00,Home Improvement,169100,36,6.92,Active,0,Partner,2024-10-25 00:00:00
L201681,B100062,2025-02-24 00:00:00,Auto,392100,60,9.62,Defaulted,1,Online,2025-03-06 00:00:00
L201682,B101181,2024-04-22 00:00:00,Education,122400,60,6,Active,0,Mobile App,2024-04-26 00:00:00
L201683,B100806,2024-08-15 00:00:00,Home Improvement,62700,36,7.76,Defaulted,1,Branch,2024-08-26 00:00:00
L201684,B100125,2025-04-15 00:00:00,Personal,199400,48,8.9,Defaulted,1,Partner,2025-04-21 00:00:00
L201685,B100741,2025-06-11 00:00:00,Home Improvement,117900,36,9.66,Defaulted,1,Online,2025-06-24 00:00:00
L201686,B100161,2025-05-10 00:00:00,Personal,279700,60,9.51,Defaulted,1,Branch,2025-05-17 00:00:00
L201687,B100541,2024-01-31 00:00:00,Auto,96900,60,8.46,Defaulted,1,Online,2024-02-03 00:00:00
L201688,B100626,2024-06-10 00:00:00,Small Business,104800,36,8.72,Active,0,Partner,2024-06-14 00:00:00
L201689,B100106,2025-12-05 00:00:00,Education,43700,60,6,Closed,0,Branch,2025-12-11 00:00:00
L201690,B101155,2025-12-22 00:00:00,Auto,202700,36,8.04,Active,0,Online,2025-12-23 00:00:00
L201691,B100776,2025-01-12 00:00:00,Personal,160800,60,8.35,Active,0,Partner,2025-01-23 00:00:00
L201692,B100002,2025-03-21 00:00:00,Personal,78300,60,6.94,Defaulted,1,Branch,2025-03-28 00:00:00
L201693,B100233,2025-03-02 00:00:00,Auto,206200,60,8.74,Active,0,Online,2025-03-15 00:00:00
L201694,B100369,2025-11-26 00:00:00,Personal,369400,60,9.52,Closed,0,Online,2025-12-07 00:00:00
L201695,B100946,2025-05-18 00:00:00,Auto,154800,36,8.47,Active,0,Online,2025-05-19 00:00:00
L201696,B101132,2025-06-10 00:00:00,Personal,217200,84,7.65,Defaulted,1,Online,2025-06-21 00:00:00
L201697,B100180,2025-12-21 00:00:00,Personal,218000,36,7.42,Active,0,Branch,2026-01-03 00:00:00
L201698,B100293,2025-11-14 00:00:00,Personal,77500,60,8.31,Closed,0,Mobile App,2025-11-26 00:00:00
L201699,B100584,2025-06-15 00:00:00,Small Business,759400,24,9.68,Closed,0,Branch,2025-06-28 00:00:00
L201700,B100795,2025-08-04 00:00:00,Home Improvement,129500,84,6,Closed,0,Online,2025-08-16 00:00:00
L201701,B100175,2025-06-03 00:00:00,Personal,284900,60,6,Active,0,Online,2025-06-16 00:00:00
L201702,B100123,2024-02-03 00:00:00,Personal,308400,60,8.86,Active,0,Online,2024-02-13 00:00:00
L201703,B100227,2025-11-21 00:00:00,Auto,163200,12,6,Closed,0,Online,2025-12-02 00:00:00
L201704,B100444,2025-05-04 00:00:00,Personal,275300,60,10.29,Active,0,Mobile App,2025-05-15 00:00:00
L201705,B100428,2025-09-11 00:00:00,Auto,213800,60,6.91,Active,0,Partner,2025-09-20 00:00:00
L201706,B101107,2025-02-26 00:00:00,Education,66700,60,6,Closed,0,Mobile App,2025-03-08 00:00:00
L201707,B100765,2025-04-12 00:00:00,Home Improvement,142600,36,7.07,Defaulted,1,Online,2025-04-21 00:00:00
L201708,B100632,2024-01-24 00:00:00,Home Improvement,117200,48,9.31,Defaulted,1,Mobile App,2024-02-04 00:00:00
L201709,B100065,2024-08-03 00:00:00,Auto,130300,24,8.23,Closed,0,Partner,2024-08-12 00:00:00
L201710,B100428,2024-02-24 00:00:00,Small Business,72300,36,9.01,Defaulted,1,Online,2024-02-28 00:00:00
L201711,B100618,2024-01-26 00:00:00,Small Business,396000,36,6.62,Closed,0,Online,2024-01-28 00:00:00
L201712,B100925,2024-10-07 00:00:00,Auto,552400,36,8.54,Active,0,Branch,2024-10-14 00:00:00
L201713,B100812,2024-11-22 00:00:00,Personal,356900,24,10.17,Active,0,Online,2024-12-05 00:00:00
L201714,B100107,2024-07-04 00:00:00,Auto,438000,36,8.8,Closed,0,Partner,2024-07-08 00:00:00
L201715,B100659,2025-05-09 00:00:00,Personal,141400,12,8.46,Closed,0,Online,2025-05-23 00:00:00
L201716,B101183,2024-01-12 00:00:00,Home Improvement,115300,72,7.75,Active,0,Mobile App,2024-01-17 00:00:00
L201717,B100265,2025-10-02 00:00:00,Auto,104400,48,6,Closed,0,Branch,2025-10-03 00:00:00
L201718,B100155,2025-03-09 00:00:00,Personal,282500,36,6.07,Closed,0,Branch,2025-03-20 00:00:00
L201719,B101037,2024-07-26 00:00:00,Personal,211000,48,7.22,Active,0,Online,2024-08-07 00:00:00
L201720,B100896,2024-05-12 00:00:00,Auto,170500,60,8.5,Closed,0,Partner,2024-05-22 00:00:00
L201721,B100993,2024-12-04 00:00:00,Small Business,445700,72,10.72,Active,0,Online,2024-12-17 00:00:00
L201722,B100245,2024-07-14 00:00:00,Auto,239000,24,11.69,Defaulted,1,Mobile App,2024-07-20 00:00:00
L201723,B100386,2024-09-18 00:00:00,Home Improvement,100100,36,6.16,Active,0,Branch,2024-09-30 00:00:00
L201724,B100759,2024-10-08 00:00:00,Personal,111800,84,7.65,Defaulted,1,Online,2024-10-15 00:00:00
L201725,B100414,2025-01-03 00:00:00,Auto,290100,36,6.11,Closed,0,Online,2025-01-06 00:00:00
L201726,B100715,2024-04-12 00:00:00,Auto,373200,12,8.62,Closed,0,Mobile App,2024-04-22 00:00:00
L201727,B100759,2025-09-23 00:00:00,Home Improvement,264800,24,6.51,Closed,0,Branch,2025-09-25 00:00:00
L201728,B100747,2024-07-01 00:00:00,Personal,679100,12,7.74,Active,0,Branch,2024-07-14 00:00:00
L201729,B100593,2025-02-26 00:00:00,Auto,565400,84,8.25,Active,0,Branch,2025-03-10 00:00:00
L201730,B100839,2024-01-09 00:00:00,Personal,245100,36,9.63,Defaulted,1,Partner,2024-01-21 00:00:00
L201731,B100016,2025-07-10 00:00:00,Personal,100100,72,6.43,Active,0,Branch,2025-07-20 00:00:00
L201732,B100993,2024-08-31 00:00:00,Small Business,71900,84,11.37,Active,0,Branch,2024-09-07 00:00:00
L201733,B101069,2025-09-15 00:00:00,Personal,137200,48,6.29,Active,0,Online,2025-09-16 00:00:00
L201734,B100651,2025-07-20 00:00:00,Personal,305000,12,6,Active,0,Online,2025-07-22 00:00:00
L201735,B100148,2025-01-27 00:00:00,Auto,646500,24,6,Active,0,Mobile App,2025-01-30 00:00:00
L201736,B100355,2025-06-10 00:00:00,Education,241100,48,8.7,Active,0,Partner,2025-06-14 00:00:00
L201737,B100703,2024-02-06 00:00:00,Auto,407900,36,6.5,Active,0,Online,2024-02-11 00:00:00
L201738,B100613,2024-06-26 00:00:00,Home Improvement,151600,60,7.2,Closed,0,Partner,2024-06-30 00:00:00
L201739,B100105,2025-09-30 00:00:00,Education,278400,36,9.32,Defaulted,1,Mobile App,2025-10-10 00:00:00
L201740,B100396,2025-09-20 00:00:00,Personal,320300,72,7.55,Defaulted,1,Online,2025-09-23 00:00:00
L201741,B100606,2024-03-12 00:00:00,Auto,45000,48,6,Closed,0,Partner,2024-03-13 00:00:00
L201742,B100851,2024-12-17 00:00:00,Personal,134800,60,9.94,Closed,0,Mobile App,2024-12-24 00:00:00
L201743,B100442,2025-09-14 00:00:00,Education,349900,72,7.36,Closed,0,Online,2025-09-26 00:00:00
L201744,B100873,2024-05-28 00:00:00,Personal,218100,24,8.86,Active,0,Mobile App,2024-06-07 00:00:00
L201745,B100667,2025-11-27 00:00:00,Personal,77900,36,11.7,Defaulted,1,Online,2025-12-03 00:00:00
L201746,B101052,2024-04-14 00:00:00,Home Improvement,32800,24,6,Defaulted,1,Branch,2024-04-16 00:00:00
L201747,B100794,2025-10-20 00:00:00,Auto,139300,24,7.76,Defaulted,1,Mobile App,2025-10-22 00:00:00
L201748,B100475,2024-08-08 00:00:00,Auto,171200,48,9.44,Active,0,Mobile App,2024-08-11 00:00:00
L201749,B100628,2025-01-08 00:00:00,Auto,97000,36,9.58,Defaulted,1,Mobile App,2025-01-16 00:00:00
L201750,B100502,2025-06-01 00:00:00,Personal,199000,36,9.63,Active,0,Branch,2025-06-09 00:00:00
L201751,B100348,2024-09-16 00:00:00,Auto,256600,84,10.69,Defaulted,1,Partner,2024-09-26 00:00:00
L201752,B101018,2024-10-25 00:00:00,Auto,287800,24,6,Active,0,Branch,2024-11-04 00:00:00
L201753,B100570,2024-02-11 00:00:00,Small Business,34600,48,7.77,Active,0,Online,2024-02-21 00:00:00
L201754,B100695,2025-05-06 00:00:00,Personal,71700,24,8.86,Closed,0,Online,2025-05-18 00:00:00
L201755,B100026,2025-03-14 00:00:00,Education,145400,36,7.5,Active,0,Branch,2025-03-24 00:00:00
L201756,B101101,2024-02-16 00:00:00,Home Improvement,268700,48,7.14,Closed,0,Online,2024-02-27 00:00:00
L201757,B100217,2024-03-25 00:00:00,Personal,253500,72,10.77,Defaulted,1,Online,2024-04-08 00:00:00
L201758,B100837,2025-11-16 00:00:00,Home Improvement,250500,36,9.62,Active,0,Mobile App,2025-11-28 00:00:00
L201759,B100774,2024-02-27 00:00:00,Personal,137600,12,7.52,Active,0,Partner,2024-03-06 00:00:00
L201760,B101047,2025-12-11 00:00:00,Small Business,143100,36,7.86,Closed,0,Mobile App,2025-12-18 00:00:00
L201761,B100670,2024-07-27 00:00:00,Education,108100,24,7.56,Active,0,Online,2024-08-10 00:00:00
L201762,B100718,2024-09-04 00:00:00,Personal,308200,36,9.23,Defaulted,1,Mobile App,2024-09-06 00:00:00
L201763,B100310,2024-07-29 00:00:00,Personal,94500,60,9.32,Closed,0,Mobile App,2024-07-30 00:00:00
L201764,B100599,2024-02-08 00:00:00,Auto,326400,12,9.3,Active,0,Online,2024-02-14 00:00:00
L201765,B100267,2024-09-08 00:00:00,Personal,208200,36,6,Closed,0,Mobile App,2024-09-19 00:00:00
L201766,B100646,2025-10-04 00:00:00,Personal,174400,60,6.89,Defaulted,1,Online,2025-10-12 00:00:00
L201767,B101023,2025-02-16 00:00:00,Personal,113700,36,6,Closed,0,Online,2025-02-17 00:00:00
L201768,B100450,2025-03-21 00:00:00,Home Improvement,69700,12,6.93,Active,0,Online,2025-03-24 00:00:00
L201769,B100565,2024-02-21 00:00:00,Personal,114400,84,8.23,Active,0,Mobile App,2024-02-22 00:00:00
L201770,B101060,2025-01-08 00:00:00,Education,142900,36,7.5,Closed,0,Mobile App,2025-01-18 00:00:00
L201771,B100028,2025-06-09 00:00:00,Education,34300,60,6,Active,0,Online,2025-06-18 00:00:00
L201772,B100220,2024-06-04 00:00:00,Auto,156800,36,8.49,Defaulted,1,Online,2024-06-11 00:00:00
L201773,B100406,2025-06-25 00:00:00,Education,343800,36,7.08,Closed,0,Partner,2025-07-09 00:00:00
L201774,B100271,2024-03-30 00:00:00,Personal,267700,36,7.6,Active,0,Partner,2024-04-07 00:00:00
L201775,B100792,2025-11-09 00:00:00,Personal,127200,36,9.87,Closed,0,Branch,2025-11-18 00:00:00
L201776,B100963,2024-12-16 00:00:00,Home Improvement,186000,12,6,Closed,0,Branch,2024-12-19 00:00:00
L201777,B100834,2024-03-09 00:00:00,Auto,122000,36,9.18,Defaulted,1,Mobile App,2024-03-19 00:00:00
L201778,B100317,2024-06-11 00:00:00,Auto,199800,72,6,Active,0,Online,2024-06-22 00:00:00
L201779,B100338,2024-08-29 00:00:00,Small Business,529000,60,8.37,Active,0,Branch,2024-08-31 00:00:00
L201780,B100351,2025-05-09 00:00:00,Small Business,354600,24,8.39,Active,0,Online,2025-05-15 00:00:00
L201781,B100511,2025-01-17 00:00:00,Home Improvement,259200,48,9.22,Active,0,Mobile App,2025-01-22 00:00:00
L201782,B100525,2024-02-21 00:00:00,Home Improvement,127500,72,7.14,Defaulted,1,Mobile App,2024-02-25 00:00:00
L201783,B100492,2025-10-15 00:00:00,Personal,304300,60,7.33,Active,0,Online,2025-10-21 00:00:00
L201784,B100009,2024-03-03 00:00:00,Personal,55300,24,6,Active,0,Online,2024-03-09 00:00:00
L201785,B100561,2025-05-23 00:00:00,Home Improvement,150900,60,7.05,Active,0,Online,2025-06-04 00:00:00
L201786,B100440,2024-10-18 00:00:00,Auto,270800,36,10.44,Defaulted,1,Branch,2024-10-21 00:00:00
L201787,B100792,2024-03-31 00:00:00,Auto,302200,36,10.15,Active,0,Online,2024-04-14 00:00:00
L201788,B101132,2025-10-25 00:00:00,Personal,287700,48,6.25,Active,0,Branch,2025-10-27 00:00:00
L201789,B100033,2025-02-27 00:00:00,Home Improvement,221300,60,10.53,Defaulted,1,Online,2025-03-08 00:00:00
L201790,B101047,2025-10-30 00:00:00,Personal,157000,72,8.04,Closed,0,Online,2025-11-07 00:00:00
L201791,B100845,2024-12-30 00:00:00,Home Improvement,262300,72,9.38,Active,0,Mobile App,2025-01-13 00:00:00
L201792,B100566,2024-05-29 00:00:00,Personal,92400,12,8.18,Defaulted,1,Online,2024-06-02 00:00:00
L201793,B100049,2024-09-27 00:00:00,Personal,99700,72,6.06,Active,0,Online,2024-10-03 00:00:00
L201794,B100462,2025-08-03 00:00:00,Personal,187900,12,6.89,Defaulted,1,Branch,2025-08-06 00:00:00
L201795,B100590,2024-04-25 00:00:00,Personal,203200,36,10.76,Defaulted,1,Online,2024-05-06 00:00:00
L201796,B100336,2025-12-04 00:00:00,Small Business,50200,48,6.2,Closed,0,Online,2025-12-12 00:00:00
L201797,B101146,2025-05-30 00:00:00,Personal,247500,36,6,Active,0,Branch,2025-06-02 00:00:00
L201798,B100359,2025-08-09 00:00:00,Personal,309200,60,8.09,Closed,0,Branch,2025-08-11 00:00:00
L201799,B100346,2024-08-28 00:00:00,Auto,170500,36,6,Closed,0,Online,2024-09-04 00:00:00
L201800,B100193,2024-01-30 00:00:00,Auto,948700,72,8.31,Defaulted,1,Mobile App,2024-02-13 00:00:00
